BLDType,DEM,EFFYRBLT,FID,FLD_ZONE,FLOODPLAIN,Income,JV,JVclass,LNDVAL,NOBULDNG,NORESUNTS,PARUSEDESC,TOTLVGAREA,Zip Code,cate1,cate2,cate3,cate4,cate5,latitude,longitude,Label
3,4,2016,12,AE,100-YEAR FLOODPLAIN,57822,195700,3,0,1,1,CONDOMINIUMS,1625,33169,-9999,-9999,-9999,-9999,-9999,25.97212074,-80.22538404,4
1,6,1970,12,X,OUTSIDE FLOODPLAIN,27602,149771,3,59883,1,1,SINGLE FAMILY,1159,33179,-9999,-9999,-9999,-9999,-9999,25.97173603,-80.19809735,4
1,9,1991,12,X,OUTSIDE FLOODPLAIN,88607,187083,3,41848,1,1,SINGLE FAMILY,1548,33179,-9999,-9999,-9999,-9999,-9999,25.97135692,-80.19716312,4
1,9,1991,12,X,OUTSIDE FLOODPLAIN,79397,234081,4,46675,1,1,SINGLE FAMILY,1999,33179,-9999,-9999,-9999,-9999,-9999,25.9714583,-80.19716112,4
1,9,1991,12,X,OUTSIDE FLOODPLAIN,21400,170556,3,35556,1,1,SINGLE FAMILY,1440,33179,-9999,-9999,-9999,-9999,-9999,25.97146851,-80.19702537,4
1,8,1991,12,X,OUTSIDE FLOODPLAIN,65440,182452,3,37327,1,1,SINGLE FAMILY,1548,33179,-9999,-9999,-9999,-9999,-9999,25.97147129,-80.19687825,4
1,10,1968,12,X,OUTSIDE FLOODPLAIN,54934,228437,4,60964,2,1,SINGLE FAMILY,2056,33179,-9999,-9999,-9999,-9999,-9999,25.97277864,-80.19826939,4
1,10,1968,12,X,OUTSIDE FLOODPLAIN,116482,157661,3,41854,2,1,SINGLE FAMILY,1652,33179,-9999,-9999,-9999,-9999,-9999,25.97277102,-80.19854987,4
1,10,1968,12,X,OUTSIDE FLOODPLAIN,18220,196797,3,41854,1,1,SINGLE FAMILY,1986,33179,-9999,-9999,-9999,-9999,-9999,25.97276342,-80.1987915,4
1,10,1968,12,X,OUTSIDE FLOODPLAIN,30820,153110,3,41854,1,1,SINGLE FAMILY,1160,33179,-9999,-9999,-9999,-9999,-9999,25.97275608,-80.19902359,4
1,10,1968,12,X,OUTSIDE FLOODPLAIN,470343,170646,3,41854,1,1,SINGLE FAMILY,1531,33179,-9999,-9999,-9999,-9999,-9999,25.97274908,-80.19924554,4
1,10,1968,12,X,OUTSIDE FLOODPLAIN,33943,141877,3,41854,1,1,SINGLE FAMILY,1406,33179,-9999,-9999,-9999,-9999,-9999,25.97274243,-80.19947263,4
1,10,1968,12,X,OUTSIDE FLOODPLAIN,38318,148394,3,41854,1,1,SINGLE FAMILY,1487,33179,-9999,-9999,-9999,-9999,-9999,25.97273486,-80.19969802,4
1,10,1966,12,X,OUTSIDE FLOODPLAIN,82821,142245,3,41854,1,1,SINGLE FAMILY,1406,33179,-9999,-9999,-9999,-9999,-9999,25.9727272,-80.19993259,4
1,10,1968,12,X,OUTSIDE FLOODPLAIN,67647,177014,3,41854,1,1,SINGLE FAMILY,1744,33179,-9999,-9999,-9999,-9999,-9999,25.97272,-80.20017586,4
1,10,1968,12,X,OUTSIDE FLOODPLAIN,99686,200405,4,41854,1,1,SINGLE FAMILY,2197,33179,-9999,-9999,-9999,-9999,-9999,25.97271263,-80.20040033,4
1,9,1968,12,X,OUTSIDE FLOODPLAIN,99281,188622,3,41854,1,1,SINGLE FAMILY,1907,33179,-9999,-9999,-9999,-9999,-9999,25.97270592,-80.20062652,4
1,9,1968,12,X,OUTSIDE FLOODPLAIN,57045,204247,4,41854,1,1,SINGLE FAMILY,2170,33179,-9999,-9999,-9999,-9999,-9999,25.97269828,-80.2008609,4
1,9,1968,12,X,OUTSIDE FLOODPLAIN,60433,161049,3,41854,1,1,SINGLE FAMILY,1594,33179,-9999,-9999,-9999,-9999,-9999,25.97269144,-80.20109406,4
1,9,1968,12,X,OUTSIDE FLOODPLAIN,66444,187332,3,41854,1,1,SINGLE FAMILY,1845,33179,-9999,-9999,-9999,-9999,-9999,25.97268418,-80.20132024,4
1,8,1968,12,X,500-YEAR FLOODPLAIN,23052,168135,3,41854,1,1,SINGLE FAMILY,1639,33179,-9999,-9999,-9999,-9999,-9999,25.97267621,-80.20154727,4
1,7,1968,12,AE,100-YEAR FLOODPLAIN,481233,167097,3,55806,1,1,SINGLE FAMILY,1551,33179,-9999,-9999,-9999,-9999,-9999,25.97266864,-80.20181402,4
1,6,1968,12,AE,100-YEAR FLOODPLAIN,84953,206374,4,50225,1,1,SINGLE FAMILY,1911,33179,-9999,-9999,-9999,-9999,-9999,25.97239014,-80.20181972,4
1,6,1968,12,X,500-YEAR FLOODPLAIN,80140,184473,3,41854,1,1,SINGLE FAMILY,1900,33179,-9999,-9999,-9999,-9999,-9999,25.97239583,-80.20157218,4
1,6,1968,12,X,500-YEAR FLOODPLAIN,23065,155958,3,41854,1,1,SINGLE FAMILY,1526,33179,-9999,-9999,-9999,-9999,-9999,25.97240412,-80.20134203,4
1,6,1968,12,X,OUTSIDE FLOODPLAIN,65811,158942,3,41854,2,1,SINGLE FAMILY,1718,33179,-9999,-9999,-9999,-9999,-9999,25.97241153,-80.20111741,4
1,6,1968,12,X,OUTSIDE FLOODPLAIN,6996,143906,3,41854,1,1,SINGLE FAMILY,1410,33179,-9999,-9999,-9999,-9999,-9999,25.97241961,-80.20089135,4
1,6,1978,12,X,OUTSIDE FLOODPLAIN,88690,210742,4,41854,1,1,SINGLE FAMILY,2150,33179,-9999,-9999,-9999,-9999,-9999,25.97242643,-80.20066159,4
1,6,1968,12,X,OUTSIDE FLOODPLAIN,63878,215850,4,41854,2,1,SINGLE FAMILY,1878,33179,-9999,-9999,-9999,-9999,-9999,25.97243549,-80.20043377,4
1,7,1968,12,X,OUTSIDE FLOODPLAIN,68449,171143,3,41854,1,1,SINGLE FAMILY,1487,33179,-9999,-9999,-9999,-9999,-9999,25.97244234,-80.2001967,4
1,7,1968,12,X,OUTSIDE FLOODPLAIN,145929,141626,3,41854,1,1,SINGLE FAMILY,1410,33179,-9999,-9999,-9999,-9999,-9999,25.97245039,-80.19995568,4
1,7,1973,12,X,OUTSIDE FLOODPLAIN,45731,162579,3,41854,1,1,SINGLE FAMILY,1597,33179,-9999,-9999,-9999,-9999,-9999,25.97245928,-80.19971784,4
1,7,1968,12,X,OUTSIDE FLOODPLAIN,60782,150878,3,41854,1,1,SINGLE FAMILY,1519,33179,-9999,-9999,-9999,-9999,-9999,25.97246683,-80.19949671,4
1,6,1968,12,X,OUTSIDE FLOODPLAIN,61958,173361,3,41854,1,1,SINGLE FAMILY,1476,33179,-9999,-9999,-9999,-9999,-9999,25.97247356,-80.19927666,4
1,7,1968,12,X,OUTSIDE FLOODPLAIN,94097,200975,4,41854,1,1,SINGLE FAMILY,1866,33179,-9999,-9999,-9999,-9999,-9999,25.97248199,-80.19905069,4
1,6,1968,12,X,OUTSIDE FLOODPLAIN,60080,146660,3,41854,1,1,SINGLE FAMILY,1471,33179,-9999,-9999,-9999,-9999,-9999,25.9724892,-80.19881536,4
1,7,1968,12,X,OUTSIDE FLOODPLAIN,60475,180375,3,42996,2,1,SINGLE FAMILY,1621,33179,-9999,-9999,-9999,-9999,-9999,25.97249295,-80.19858799,4
1,8,1968,12,X,OUTSIDE FLOODPLAIN,80632,187393,3,63988,1,1,SINGLE FAMILY,1561,33179,-9999,-9999,-9999,-9999,-9999,25.97248609,-80.19830683,4
1,7,1968,12,X,OUTSIDE FLOODPLAIN,86830,294559,4,64326,1,1,SINGLE FAMILY,2734,33179,-9999,-9999,-9999,-9999,-9999,25.97205371,-80.19842577,4
1,6,1968,12,X,OUTSIDE FLOODPLAIN,61324,154110,3,46146,1,1,SINGLE FAMILY,1500,33179,-9999,-9999,-9999,-9999,-9999,25.97207454,-80.19872178,4
1,6,1993,12,X,OUTSIDE FLOODPLAIN,68725,185303,3,44645,1,1,SINGLE FAMILY,1535,33179,-9999,-9999,-9999,-9999,-9999,25.97206647,-80.19897591,4
1,6,1968,12,X,OUTSIDE FLOODPLAIN,39116,171874,3,44645,1,1,SINGLE FAMILY,1686,33179,-9999,-9999,-9999,-9999,-9999,25.97205737,-80.19921989,4
1,6,1968,12,X,OUTSIDE FLOODPLAIN,84119,215661,4,44645,1,1,SINGLE FAMILY,2089,33179,-9999,-9999,-9999,-9999,-9999,25.97204985,-80.19946695,4
1,6,1968,12,X,OUTSIDE FLOODPLAIN,63628,182855,3,44645,1,1,SINGLE FAMILY,1537,33179,-9999,-9999,-9999,-9999,-9999,25.97204217,-80.19970481,4
1,7,1968,12,X,OUTSIDE FLOODPLAIN,40525,155354,3,41854,1,1,SINGLE FAMILY,1534,33179,-9999,-9999,-9999,-9999,-9999,25.97203428,-80.19995042,4
1,6,1968,12,X,OUTSIDE FLOODPLAIN,32090,170094,3,41854,1,1,SINGLE FAMILY,1473,33179,-9999,-9999,-9999,-9999,-9999,25.97202603,-80.20019046,4
1,6,1968,12,X,OUTSIDE FLOODPLAIN,12473,165829,3,41854,1,1,SINGLE FAMILY,1492,33179,-9999,-9999,-9999,-9999,-9999,25.97201894,-80.20041642,4
1,6,1968,12,X,OUTSIDE FLOODPLAIN,55105,190304,3,41854,1,1,SINGLE FAMILY,1818,33179,-9999,-9999,-9999,-9999,-9999,25.9720114,-80.2006444,4
1,6,1968,12,X,OUTSIDE FLOODPLAIN,83559,153047,3,41854,2,1,SINGLE FAMILY,1544,33179,-9999,-9999,-9999,-9999,-9999,25.9720041,-80.20087414,4
1,6,1968,12,X,OUTSIDE FLOODPLAIN,33069,150437,3,44851,1,1,SINGLE FAMILY,1487,33179,-9999,-9999,-9999,-9999,-9999,25.97199643,-80.20110277,4
1,6,1968,12,X,500-YEAR FLOODPLAIN,44169,168284,3,41854,1,1,SINGLE FAMILY,1719,33179,-9999,-9999,-9999,-9999,-9999,25.97198903,-80.20133423,4
1,6,1968,12,X,500-YEAR FLOODPLAIN,63667,155804,3,41854,1,1,SINGLE FAMILY,1549,33179,-9999,-9999,-9999,-9999,-9999,25.97198143,-80.20156751,4
1,6,1968,12,AE,100-YEAR FLOODPLAIN,34500,169918,3,50225,1,1,SINGLE FAMILY,1647,33179,-9999,-9999,-9999,-9999,-9999,25.9719719,-80.20181389,4
1,6,1961,12,X,500-YEAR FLOODPLAIN,73211,160747,3,50225,1,1,SINGLE FAMILY,1484,33179,-9999,-9999,-9999,-9999,-9999,25.97170146,-80.20180459,4
1,6,1961,12,X,500-YEAR FLOODPLAIN,30486,145697,3,41854,1,1,SINGLE FAMILY,1492,33179,-9999,-9999,-9999,-9999,-9999,25.97170703,-80.20155667,4
1,6,1961,12,X,500-YEAR FLOODPLAIN,21629,139781,3,41854,1,1,SINGLE FAMILY,1407,33179,-9999,-9999,-9999,-9999,-9999,25.97171465,-80.20132498,4
1,6,1961,12,X,OUTSIDE FLOODPLAIN,85964,162389,3,41854,1,1,SINGLE FAMILY,1697,33179,-9999,-9999,-9999,-9999,-9999,25.97172213,-80.20109369,4
1,6,1961,12,X,OUTSIDE FLOODPLAIN,76206,212703,4,41854,1,1,SINGLE FAMILY,1840,33179,-9999,-9999,-9999,-9999,-9999,25.97172986,-80.20086581,4
1,6,1961,12,X,OUTSIDE FLOODPLAIN,20113,145697,3,41854,1,1,SINGLE FAMILY,1492,33179,-9999,-9999,-9999,-9999,-9999,25.9717372,-80.20063699,4
1,6,1961,12,X,OUTSIDE FLOODPLAIN,66363,219730,4,41854,1,1,SINGLE FAMILY,2019,33179,-9999,-9999,-9999,-9999,-9999,25.97174482,-80.20040918,4
1,6,1961,12,X,OUTSIDE FLOODPLAIN,88491,156593,3,41854,1,1,SINGLE FAMILY,1634,33179,-9999,-9999,-9999,-9999,-9999,25.97175204,-80.20018196,4
1,6,1961,12,X,OUTSIDE FLOODPLAIN,72450,221223,4,41854,1,1,SINGLE FAMILY,2021,33179,-9999,-9999,-9999,-9999,-9999,25.97176033,-80.19994195,4
1,7,1961,12,X,OUTSIDE FLOODPLAIN,33921,148142,3,41854,1,1,SINGLE FAMILY,1499,33179,-9999,-9999,-9999,-9999,-9999,25.97176845,-80.19970064,4
1,6,1961,12,X,OUTSIDE FLOODPLAIN,54514,135313,3,41854,1,1,SINGLE FAMILY,1492,33179,-9999,-9999,-9999,-9999,-9999,25.97177501,-80.19947642,4
1,6,1961,12,X,OUTSIDE FLOODPLAIN,91261,176060,3,41854,1,1,SINGLE FAMILY,1624,33179,-9999,-9999,-9999,-9999,-9999,25.97178295,-80.1992552,4
1,6,1961,12,X,OUTSIDE FLOODPLAIN,69942,173155,3,41854,1,1,SINGLE FAMILY,1695,33179,-9999,-9999,-9999,-9999,-9999,25.97179069,-80.19902349,4
1,7,1961,12,X,OUTSIDE FLOODPLAIN,30361,199733,3,42464,1,1,SINGLE FAMILY,1748,33179,-9999,-9999,-9999,-9999,-9999,25.97179414,-80.19879513,4
1,6,1961,12,X,OUTSIDE FLOODPLAIN,76639,220746,4,65444,1,1,SINGLE FAMILY,1838,33179,-9999,-9999,-9999,-9999,-9999,25.97177988,-80.19850817,4
1,6,1961,12,X,OUTSIDE FLOODPLAIN,41719,163349,3,56789,1,1,SINGLE FAMILY,1498,33179,-9999,-9999,-9999,-9999,-9999,25.971379,-80.19858847,4
1,6,1967,12,X,OUTSIDE FLOODPLAIN,31200,154356,3,48412,1,1,SINGLE FAMILY,1487,33179,-9999,-9999,-9999,-9999,-9999,25.97138941,-80.19888048,4
1,6,1988,12,X,OUTSIDE FLOODPLAIN,34412,168721,3,41854,1,1,SINGLE FAMILY,1519,33179,-9999,-9999,-9999,-9999,-9999,25.97138036,-80.19912643,4
1,6,1968,12,AE,100-YEAR FLOODPLAIN,93726,189844,3,55806,1,1,SINGLE FAMILY,1880,33169,-9999,-9999,-9999,-9999,-9999,25.97264593,-80.2023266,4
1,6,1968,12,AE,100-YEAR FLOODPLAIN,38844,125359,3,41854,1,1,SINGLE FAMILY,1178,33169,-9999,-9999,-9999,-9999,-9999,25.97241233,-80.20231879,4
1,6,1968,12,AE,100-YEAR FLOODPLAIN,103499,177282,3,41854,1,1,SINGLE FAMILY,1813,33169,-9999,-9999,-9999,-9999,-9999,25.97220443,-80.20231265,4
1,6,1968,12,AE,100-YEAR FLOODPLAIN,26887,147357,3,41854,1,1,SINGLE FAMILY,1491,33169,-9999,-9999,-9999,-9999,-9999,25.97198907,-80.20230625,4
1,6,1968,12,AE,100-YEAR FLOODPLAIN,61939,149268,3,41854,1,1,SINGLE FAMILY,1452,33169,-9999,-9999,-9999,-9999,-9999,25.97177812,-80.20229979,4
1,6,1968,12,AE,100-YEAR FLOODPLAIN,355193,146448,3,41854,1,1,SINGLE FAMILY,1477,33169,-9999,-9999,-9999,-9999,-9999,25.97157171,-80.20229386,4
1,6,1968,12,AE,100-YEAR FLOODPLAIN,39001,161552,3,41854,1,1,SINGLE FAMILY,1406,33169,-9999,-9999,-9999,-9999,-9999,25.97156102,-80.20259788,4
1,6,1968,12,AE,100-YEAR FLOODPLAIN,63322,125447,3,41854,1,1,SINGLE FAMILY,1179,33169,-9999,-9999,-9999,-9999,-9999,25.97176611,-80.20260367,4
1,6,1968,12,AE,100-YEAR FLOODPLAIN,90328,216521,4,41854,1,1,SINGLE FAMILY,1989,33169,-9999,-9999,-9999,-9999,-9999,25.97197591,-80.20260999,4
1,6,1968,12,AE,100-YEAR FLOODPLAIN,42012,166455,3,41854,1,1,SINGLE FAMILY,1496,33169,-9999,-9999,-9999,-9999,-9999,25.97219173,-80.20261629,4
1,6,1968,12,AE,100-YEAR FLOODPLAIN,28562,225197,4,41854,2,1,SINGLE FAMILY,2320,33169,-9999,-9999,-9999,-9999,-9999,25.97240011,-80.20262235,4
1,6,1968,12,AE,100-YEAR FLOODPLAIN,67087,166989,3,55806,1,1,SINGLE FAMILY,1486,33169,-9999,-9999,-9999,-9999,-9999,25.97263739,-80.20262823,4
1,5,1968,12,AE,100-YEAR FLOODPLAIN,77692,209779,4,44634,1,1,SINGLE FAMILY,1957,33169,-9999,-9999,-9999,-9999,-9999,25.97256663,-80.20308948,4
1,6,1968,12,AE,100-YEAR FLOODPLAIN,47448,195471,3,41854,1,1,SINGLE FAMILY,2053,33169,-9999,-9999,-9999,-9999,-9999,25.97237799,-80.20308195,4
1,6,1968,12,AE,100-YEAR FLOODPLAIN,385942,239086,4,41854,1,1,SINGLE FAMILY,2530,33169,-9999,-9999,-9999,-9999,-9999,25.97195758,-80.20306972,4
1,6,1968,12,AE,100-YEAR FLOODPLAIN,45142,194388,3,41854,1,1,SINGLE FAMILY,1604,33169,-9999,-9999,-9999,-9999,-9999,25.97175248,-80.20306343,4
1,7,2001,12,X,OUTSIDE FLOODPLAIN,61270,196231,3,43231,1,1,SINGLE FAMILY,1440,33179,-9999,-9999,-9999,-9999,-9999,25.97166605,-80.19550547,4
1,7,1993,12,X,OUTSIDE FLOODPLAIN,67292,194781,3,45786,1,1,SINGLE FAMILY,1548,33179,-9999,-9999,-9999,-9999,-9999,25.97172976,-80.19531113,4
1,8,1993,12,X,OUTSIDE FLOODPLAIN,91232,222398,4,43277,1,1,SINGLE FAMILY,1861,33179,-9999,-9999,-9999,-9999,-9999,25.97159052,-80.19532653,4
1,7,1992,12,X,OUTSIDE FLOODPLAIN,92247,179861,3,43061,1,1,SINGLE FAMILY,1440,33179,-9999,-9999,-9999,-9999,-9999,25.97148617,-80.19531353,4
1,8,1992,12,X,OUTSIDE FLOODPLAIN,68906,219395,4,42600,1,1,SINGLE FAMILY,1861,33179,-9999,-9999,-9999,-9999,-9999,25.97137924,-80.1953018,4
1,7,1993,12,X,OUTSIDE FLOODPLAIN,95445,179913,3,41313,1,1,SINGLE FAMILY,1440,33179,-9999,-9999,-9999,-9999,-9999,25.9712882,-80.19530799,4
1,8,1995,12,X,OUTSIDE FLOODPLAIN,54171,237161,4,42506,1,1,SINGLE FAMILY,1861,33179,-9999,-9999,-9999,-9999,-9999,25.97140556,-80.19588447,4
1,8,1992,12,X,OUTSIDE FLOODPLAIN,33491,220246,4,43451,1,1,SINGLE FAMILY,1861,33179,-9999,-9999,-9999,-9999,-9999,25.9715193,-80.19587218,4
1,7,1993,12,X,OUTSIDE FLOODPLAIN,54651,197371,3,48376,1,1,SINGLE FAMILY,1548,33179,-9999,-9999,-9999,-9999,-9999,25.97165249,-80.19590667,4
1,8,1992,12,X,OUTSIDE FLOODPLAIN,33556,176388,3,39588,1,1,SINGLE FAMILY,1440,33179,-9999,-9999,-9999,-9999,-9999,25.97163947,-80.19573607,4
1,8,1991,12,X,OUTSIDE FLOODPLAIN,86986,210574,4,36105,1,1,SINGLE FAMILY,1861,33179,-9999,-9999,-9999,-9999,-9999,25.9714819,-80.19674344,4
1,8,1991,12,X,OUTSIDE FLOODPLAIN,57517,227611,4,53142,1,1,SINGLE FAMILY,1861,33179,-9999,-9999,-9999,-9999,-9999,25.9715205,-80.19656917,4
3,9,1988,12,X,OUTSIDE FLOODPLAIN,93404,141132,3,0,1,1,CONDOMINIUMS,1490,33179,-9999,-9999,-9999,-9999,-9999,25.97206048,-80.19629114,4
3,9,1988,12,X,OUTSIDE FLOODPLAIN,63251,97442,2,0,1,1,CONDOMINIUMS,1200,33179,-9999,-9999,-9999,-9999,-9999,25.97206048,-80.19629114,4
3,9,1988,12,X,OUTSIDE FLOODPLAIN,74127,125138,3,0,1,1,CONDOMINIUMS,1220,33179,-9999,-9999,-9999,-9999,-9999,25.97206048,-80.19629114,4
3,9,1988,12,X,OUTSIDE FLOODPLAIN,59142,124393,3,0,1,1,CONDOMINIUMS,1220,33179,-9999,-9999,-9999,-9999,-9999,25.97206048,-80.19629114,4
3,9,1988,12,X,OUTSIDE FLOODPLAIN,84095,97442,2,0,1,1,CONDOMINIUMS,1200,33179,-9999,-9999,-9999,-9999,-9999,25.97206048,-80.19629114,4
3,9,1988,12,X,OUTSIDE FLOODPLAIN,123741,141132,3,0,1,1,CONDOMINIUMS,1490,33179,-9999,-9999,-9999,-9999,-9999,25.97206048,-80.19629114,4
3,9,1988,12,X,OUTSIDE FLOODPLAIN,71774,141132,3,0,1,1,CONDOMINIUMS,1490,33179,-9999,-9999,-9999,-9999,-9999,25.97206048,-80.19629114,4
3,9,1988,12,X,OUTSIDE FLOODPLAIN,48878,97442,2,0,1,1,CONDOMINIUMS,1200,33179,-9999,-9999,-9999,-9999,-9999,25.97206048,-80.19629114,4
3,9,1988,12,X,OUTSIDE FLOODPLAIN,67921,125138,3,0,1,1,CONDOMINIUMS,1220,33179,-9999,-9999,-9999,-9999,-9999,25.97206048,-80.19629114,4
3,9,1988,12,X,OUTSIDE FLOODPLAIN,14435,124393,3,0,1,1,CONDOMINIUMS,1220,33179,-9999,-9999,-9999,-9999,-9999,25.97206048,-80.19629114,4
3,9,1988,12,X,OUTSIDE FLOODPLAIN,57215,131486,3,0,1,1,CONDOMINIUMS,1230,33179,-9999,-9999,-9999,-9999,-9999,25.97206048,-80.19629114,4
3,9,1988,12,X,OUTSIDE FLOODPLAIN,67388,98863,2,0,1,1,CONDOMINIUMS,1190,33179,-9999,-9999,-9999,-9999,-9999,25.97206048,-80.19629114,4
3,9,1988,12,X,OUTSIDE FLOODPLAIN,38658,146970,3,0,1,1,CONDOMINIUMS,1490,33179,-9999,-9999,-9999,-9999,-9999,25.97206048,-80.19629114,4
3,9,1988,12,X,OUTSIDE FLOODPLAIN,84603,131776,3,0,1,1,CONDOMINIUMS,1220,33179,-9999,-9999,-9999,-9999,-9999,25.97206048,-80.19629114,4
3,9,1988,12,X,OUTSIDE FLOODPLAIN,70048,131058,3,0,1,1,CONDOMINIUMS,1220,33179,-9999,-9999,-9999,-9999,-9999,25.97206048,-80.19629114,4
3,9,1988,12,X,OUTSIDE FLOODPLAIN,41484,146970,3,0,1,1,CONDOMINIUMS,1490,33179,-9999,-9999,-9999,-9999,-9999,25.97206048,-80.19629114,4
3,9,1988,12,X,OUTSIDE FLOODPLAIN,111828,146970,3,0,1,1,CONDOMINIUMS,1490,33179,-9999,-9999,-9999,-9999,-9999,25.97206048,-80.19629114,4
3,9,1988,12,X,OUTSIDE FLOODPLAIN,70474,102686,3,0,1,1,CONDOMINIUMS,1200,33179,-9999,-9999,-9999,-9999,-9999,25.97206048,-80.19629114,4
3,9,1988,12,X,OUTSIDE FLOODPLAIN,22049,131776,3,0,1,1,CONDOMINIUMS,1220,33179,-9999,-9999,-9999,-9999,-9999,25.97206048,-80.19629114,4
3,9,1988,12,X,OUTSIDE FLOODPLAIN,57842,131058,3,0,1,1,CONDOMINIUMS,1220,33179,-9999,-9999,-9999,-9999,-9999,25.97206048,-80.19629114,4
3,9,1988,12,X,OUTSIDE FLOODPLAIN,23423,131486,3,0,1,1,CONDOMINIUMS,1230,33179,-9999,-9999,-9999,-9999,-9999,25.97206048,-80.19629114,4
3,9,1988,12,X,OUTSIDE FLOODPLAIN,88924,98863,2,0,1,1,CONDOMINIUMS,1190,33179,-9999,-9999,-9999,-9999,-9999,25.97206048,-80.19629114,4
3,9,1988,12,X,OUTSIDE FLOODPLAIN,22946,146970,3,0,1,1,CONDOMINIUMS,1490,33179,-9999,-9999,-9999,-9999,-9999,25.97206048,-80.19629114,4
3,9,1988,12,X,OUTSIDE FLOODPLAIN,7035,102686,3,0,1,1,CONDOMINIUMS,1200,33179,-9999,-9999,-9999,-9999,-9999,25.97206048,-80.19629114,4
3,9,1988,12,X,OUTSIDE FLOODPLAIN,22977,131776,3,0,1,1,CONDOMINIUMS,1220,33179,-9999,-9999,-9999,-9999,-9999,25.97206048,-80.19629114,4
3,9,1988,12,X,OUTSIDE FLOODPLAIN,45033,131058,3,0,1,1,CONDOMINIUMS,1220,33179,-9999,-9999,-9999,-9999,-9999,25.97206048,-80.19629114,4
3,9,1989,12,X,OUTSIDE FLOODPLAIN,90198,146970,3,0,1,1,CONDOMINIUMS,1490,33179,-9999,-9999,-9999,-9999,-9999,25.97206048,-80.19629114,4
3,9,1989,12,X,OUTSIDE FLOODPLAIN,84102,102686,3,0,1,1,CONDOMINIUMS,1200,33179,-9999,-9999,-9999,-9999,-9999,25.97206048,-80.19629114,4
3,9,1989,12,X,OUTSIDE FLOODPLAIN,61040,131776,3,0,1,1,CONDOMINIUMS,1220,33179,-9999,-9999,-9999,-9999,-9999,25.97206048,-80.19629114,4
3,9,1989,12,X,OUTSIDE FLOODPLAIN,46102,131058,3,0,1,1,CONDOMINIUMS,1220,33179,-9999,-9999,-9999,-9999,-9999,25.97206048,-80.19629114,4
3,9,1989,12,X,OUTSIDE FLOODPLAIN,42547,131776,3,0,1,1,CONDOMINIUMS,1220,33179,-9999,-9999,-9999,-9999,-9999,25.97206048,-80.19629114,4
3,9,1989,12,X,OUTSIDE FLOODPLAIN,61302,131058,3,0,1,1,CONDOMINIUMS,1220,33179,-9999,-9999,-9999,-9999,-9999,25.97206048,-80.19629114,4
3,9,1989,12,X,OUTSIDE FLOODPLAIN,52179,102686,3,0,1,1,CONDOMINIUMS,1200,33179,-9999,-9999,-9999,-9999,-9999,25.97206048,-80.19629114,4
3,9,1989,12,X,OUTSIDE FLOODPLAIN,33165,146970,3,0,1,1,CONDOMINIUMS,1490,33179,-9999,-9999,-9999,-9999,-9999,25.97206048,-80.19629114,4
3,9,1989,12,X,OUTSIDE FLOODPLAIN,26006,131776,3,0,1,1,CONDOMINIUMS,1220,33179,-9999,-9999,-9999,-9999,-9999,25.97206048,-80.19629114,4
3,9,1989,12,X,OUTSIDE FLOODPLAIN,33450,131058,3,0,1,1,CONDOMINIUMS,1220,33179,-9999,-9999,-9999,-9999,-9999,25.97206048,-80.19629114,4
3,9,1989,12,X,OUTSIDE FLOODPLAIN,47858,141132,3,0,1,1,CONDOMINIUMS,1490,33179,-9999,-9999,-9999,-9999,-9999,25.97206048,-80.19629114,4
3,9,1989,12,X,OUTSIDE FLOODPLAIN,90843,141132,3,0,1,1,CONDOMINIUMS,1490,33179,-9999,-9999,-9999,-9999,-9999,25.97206048,-80.19629114,4
3,9,1989,12,X,OUTSIDE FLOODPLAIN,116816,124780,3,0,1,1,CONDOMINIUMS,1230,33179,-9999,-9999,-9999,-9999,-9999,25.97206048,-80.19629114,4
3,9,1989,12,X,OUTSIDE FLOODPLAIN,52920,93578,2,0,1,1,CONDOMINIUMS,1190,33179,-9999,-9999,-9999,-9999,-9999,25.97206048,-80.19629114,4
3,9,1989,12,X,OUTSIDE FLOODPLAIN,37442,143864,3,0,1,1,CONDOMINIUMS,1490,33179,-9999,-9999,-9999,-9999,-9999,25.97206048,-80.19629114,4
3,9,1989,12,X,OUTSIDE FLOODPLAIN,23169,124780,3,0,1,1,CONDOMINIUMS,1230,33179,-9999,-9999,-9999,-9999,-9999,25.97206048,-80.19629114,4
3,9,1989,12,X,OUTSIDE FLOODPLAIN,72470,93578,2,0,1,1,CONDOMINIUMS,1190,33179,-9999,-9999,-9999,-9999,-9999,25.97206048,-80.19629114,4
3,9,1989,12,X,OUTSIDE FLOODPLAIN,39121,97442,2,0,1,1,CONDOMINIUMS,1200,33179,-9999,-9999,-9999,-9999,-9999,25.97206048,-80.19629114,4
3,9,1989,12,X,OUTSIDE FLOODPLAIN,34274,141132,3,0,1,1,CONDOMINIUMS,1490,33179,-9999,-9999,-9999,-9999,-9999,25.97206048,-80.19629114,4
3,9,1989,12,X,OUTSIDE FLOODPLAIN,84783,125138,3,0,1,1,CONDOMINIUMS,1220,33179,-9999,-9999,-9999,-9999,-9999,25.97206048,-80.19629114,4
3,9,1989,12,X,OUTSIDE FLOODPLAIN,38666,124393,3,0,1,1,CONDOMINIUMS,1220,33179,-9999,-9999,-9999,-9999,-9999,25.97206048,-80.19629114,4
3,9,1989,12,X,OUTSIDE FLOODPLAIN,20950,141132,3,0,1,1,CONDOMINIUMS,1490,33179,-9999,-9999,-9999,-9999,-9999,25.97206048,-80.19629114,4
3,9,1989,12,X,OUTSIDE FLOODPLAIN,60934,146970,3,0,1,1,CONDOMINIUMS,1490,33179,-9999,-9999,-9999,-9999,-9999,25.97206048,-80.19629114,4
3,9,1984,12,X,OUTSIDE FLOODPLAIN,148538,131486,3,0,1,1,CONDOMINIUMS,1230,33179,-9999,-9999,-9999,-9999,-9999,25.97206048,-80.19629114,4
3,9,1984,12,X,OUTSIDE FLOODPLAIN,30551,98863,2,0,1,1,CONDOMINIUMS,1190,33179,-9999,-9999,-9999,-9999,-9999,25.97206048,-80.19629114,4
3,9,1984,12,X,OUTSIDE FLOODPLAIN,81436,131776,3,0,1,1,CONDOMINIUMS,1220,33179,-9999,-9999,-9999,-9999,-9999,25.97206048,-80.19629114,4
3,9,1984,12,X,OUTSIDE FLOODPLAIN,96459,131058,3,0,1,1,CONDOMINIUMS,1220,33179,-9999,-9999,-9999,-9999,-9999,25.97206048,-80.19629114,4
3,9,1984,12,X,OUTSIDE FLOODPLAIN,64708,131776,3,0,1,1,CONDOMINIUMS,1220,33179,-9999,-9999,-9999,-9999,-9999,25.97206048,-80.19629114,4
3,9,1984,12,X,OUTSIDE FLOODPLAIN,86213,131058,3,0,1,1,CONDOMINIUMS,1220,33179,-9999,-9999,-9999,-9999,-9999,25.97206048,-80.19629114,4
3,9,1984,12,X,OUTSIDE FLOODPLAIN,57600,102686,3,0,1,1,CONDOMINIUMS,1200,33179,-9999,-9999,-9999,-9999,-9999,25.97206048,-80.19629114,4
3,9,1984,12,X,OUTSIDE FLOODPLAIN,95457,146970,3,0,1,1,CONDOMINIUMS,1490,33179,-9999,-9999,-9999,-9999,-9999,25.97206048,-80.19629114,4
3,9,1989,12,X,OUTSIDE FLOODPLAIN,82166,146970,3,0,1,1,CONDOMINIUMS,1490,33179,-9999,-9999,-9999,-9999,-9999,25.97206048,-80.19629114,4
3,9,1989,12,X,OUTSIDE FLOODPLAIN,44026,102686,3,0,1,1,CONDOMINIUMS,1200,33179,-9999,-9999,-9999,-9999,-9999,25.97206048,-80.19629114,4
3,9,1989,12,X,OUTSIDE FLOODPLAIN,149571,131776,3,0,1,1,CONDOMINIUMS,1220,33179,-9999,-9999,-9999,-9999,-9999,25.97206048,-80.19629114,4
3,9,1989,12,X,OUTSIDE FLOODPLAIN,39680,131058,3,0,1,1,CONDOMINIUMS,1220,33179,-9999,-9999,-9999,-9999,-9999,25.97206048,-80.19629114,4
3,9,1989,12,X,OUTSIDE FLOODPLAIN,127309,131776,3,0,1,1,CONDOMINIUMS,1220,33179,-9999,-9999,-9999,-9999,-9999,25.97206048,-80.19629114,4
3,9,1989,12,X,OUTSIDE FLOODPLAIN,68703,131058,3,0,1,1,CONDOMINIUMS,1220,33179,-9999,-9999,-9999,-9999,-9999,25.97206048,-80.19629114,4
3,9,1989,12,X,OUTSIDE FLOODPLAIN,101265,131486,3,0,1,1,CONDOMINIUMS,1230,33179,-9999,-9999,-9999,-9999,-9999,25.97206048,-80.19629114,4
3,9,1989,12,X,OUTSIDE FLOODPLAIN,75777,98863,2,0,1,1,CONDOMINIUMS,1190,33179,-9999,-9999,-9999,-9999,-9999,25.97206048,-80.19629114,4
3,9,1989,12,X,OUTSIDE FLOODPLAIN,60010,141132,3,0,1,1,CONDOMINIUMS,1490,33179,-9999,-9999,-9999,-9999,-9999,25.97206048,-80.19629114,4
3,9,1989,12,X,OUTSIDE FLOODPLAIN,30293,141132,3,0,1,1,CONDOMINIUMS,1490,33179,-9999,-9999,-9999,-9999,-9999,25.97206048,-80.19629114,4
3,7,1994,12,A,100-YEAR FLOODPLAIN,33242,112838,3,0,1,1,CONDOMINIUMS,1090,33179,-9999,-9999,-9999,-9999,-9999,25.97208313,-80.18640728,4
3,7,1994,12,A,100-YEAR FLOODPLAIN,123897,135710,3,0,1,1,CONDOMINIUMS,1230,33179,-9999,-9999,-9999,-9999,-9999,25.97208313,-80.18640728,4
3,7,1994,12,A,100-YEAR FLOODPLAIN,41280,110526,3,0,1,1,CONDOMINIUMS,1070,33179,-9999,-9999,-9999,-9999,-9999,25.97208313,-80.18640728,4
3,7,1994,12,A,100-YEAR FLOODPLAIN,35372,112838,3,0,1,1,CONDOMINIUMS,1090,33179,-9999,-9999,-9999,-9999,-9999,25.97208313,-80.18640728,4
3,7,1994,12,A,100-YEAR FLOODPLAIN,61653,89586,2,0,1,1,CONDOMINIUMS,880,33179,-9999,-9999,-9999,-9999,-9999,25.97208313,-80.18640728,4
3,7,1994,12,A,100-YEAR FLOODPLAIN,35718,135710,3,0,1,1,CONDOMINIUMS,1230,33179,-9999,-9999,-9999,-9999,-9999,25.97208313,-80.18640728,4
3,7,1994,12,A,100-YEAR FLOODPLAIN,69865,110526,3,0,1,1,CONDOMINIUMS,1070,33179,-9999,-9999,-9999,-9999,-9999,25.97208313,-80.18640728,4
3,7,1994,12,A,100-YEAR FLOODPLAIN,97965,112838,3,0,1,1,CONDOMINIUMS,1090,33179,-9999,-9999,-9999,-9999,-9999,25.97208313,-80.18640728,4
3,7,1994,12,A,100-YEAR FLOODPLAIN,72901,89586,2,0,1,1,CONDOMINIUMS,880,33179,-9999,-9999,-9999,-9999,-9999,25.97208313,-80.18640728,4
3,7,1994,12,A,100-YEAR FLOODPLAIN,37500,135710,3,0,1,1,CONDOMINIUMS,1230,33179,-9999,-9999,-9999,-9999,-9999,25.97208313,-80.18640728,4
3,7,1994,12,A,100-YEAR FLOODPLAIN,63166,110526,3,0,1,1,CONDOMINIUMS,1070,33179,-9999,-9999,-9999,-9999,-9999,25.97208313,-80.18640728,4
3,7,1994,12,A,100-YEAR FLOODPLAIN,54191,112838,3,0,1,1,CONDOMINIUMS,1090,33179,-9999,-9999,-9999,-9999,-9999,25.97208313,-80.18640728,4
3,7,1994,12,A,100-YEAR FLOODPLAIN,71301,89586,2,0,1,1,CONDOMINIUMS,880,33179,-9999,-9999,-9999,-9999,-9999,25.97208313,-80.18640728,4
3,7,1994,12,A,100-YEAR FLOODPLAIN,69488,135710,3,0,1,1,CONDOMINIUMS,1230,33179,-9999,-9999,-9999,-9999,-9999,25.97208313,-80.18640728,4
3,7,1994,12,A,100-YEAR FLOODPLAIN,132416,110526,3,0,1,1,CONDOMINIUMS,1070,33179,-9999,-9999,-9999,-9999,-9999,25.97208313,-80.18640728,4
3,6,1985,12,A,100-YEAR FLOODPLAIN,46688,109320,3,0,1,1,CONDOMINIUMS,916,33179,-9999,-9999,-9999,-9999,-9999,25.97275876,-80.18493398,4
3,6,1985,12,A,100-YEAR FLOODPLAIN,99030,108000,3,0,1,1,CONDOMINIUMS,916,33179,-9999,-9999,-9999,-9999,-9999,25.97275876,-80.18493398,4
3,6,1985,12,A,100-YEAR FLOODPLAIN,68224,114512,3,0,1,1,CONDOMINIUMS,1121,33179,-9999,-9999,-9999,-9999,-9999,25.97275876,-80.18493398,4
3,6,1985,12,A,100-YEAR FLOODPLAIN,66118,131428,3,0,1,1,CONDOMINIUMS,1163,33179,-9999,-9999,-9999,-9999,-9999,25.97275876,-80.18493398,4
3,6,1985,12,A,100-YEAR FLOODPLAIN,32023,109320,3,0,1,1,CONDOMINIUMS,916,33179,-9999,-9999,-9999,-9999,-9999,25.97275876,-80.18493398,4
3,6,1985,12,A,100-YEAR FLOODPLAIN,47184,106960,3,0,1,1,CONDOMINIUMS,916,33179,-9999,-9999,-9999,-9999,-9999,25.97275876,-80.18493398,4
3,6,1985,12,A,100-YEAR FLOODPLAIN,114556,114512,3,0,1,1,CONDOMINIUMS,1121,33179,-9999,-9999,-9999,-9999,-9999,25.97275876,-80.18493398,4
3,6,1985,12,A,100-YEAR FLOODPLAIN,30956,131428,3,0,1,1,CONDOMINIUMS,1163,33179,-9999,-9999,-9999,-9999,-9999,25.97275876,-80.18493398,4
3,6,1985,12,A,100-YEAR FLOODPLAIN,34932,109320,3,0,1,1,CONDOMINIUMS,916,33179,-9999,-9999,-9999,-9999,-9999,25.97275876,-80.18493398,4
3,6,1985,12,A,100-YEAR FLOODPLAIN,45596,106960,3,0,1,1,CONDOMINIUMS,916,33179,-9999,-9999,-9999,-9999,-9999,25.97275876,-80.18493398,4
3,6,1985,12,A,100-YEAR FLOODPLAIN,56116,131428,3,0,1,1,CONDOMINIUMS,1163,33179,-9999,-9999,-9999,-9999,-9999,25.97275876,-80.18493398,4
3,6,1985,12,A,100-YEAR FLOODPLAIN,52281,109320,3,0,1,1,CONDOMINIUMS,916,33179,-9999,-9999,-9999,-9999,-9999,25.97275876,-80.18493398,4
3,6,1985,12,A,100-YEAR FLOODPLAIN,93954,106960,3,0,1,1,CONDOMINIUMS,916,33179,-9999,-9999,-9999,-9999,-9999,25.97275876,-80.18493398,4
3,6,1985,12,A,100-YEAR FLOODPLAIN,99488,114512,3,0,1,1,CONDOMINIUMS,1121,33179,-9999,-9999,-9999,-9999,-9999,25.97275876,-80.18493398,4
3,6,1985,12,A,100-YEAR FLOODPLAIN,96666,131428,3,0,1,1,CONDOMINIUMS,1163,33179,-9999,-9999,-9999,-9999,-9999,25.97275876,-80.18493398,4
3,6,1985,12,A,100-YEAR FLOODPLAIN,60474,109320,3,0,1,1,CONDOMINIUMS,916,33179,-9999,-9999,-9999,-9999,-9999,25.97275876,-80.18493398,4
3,6,1985,12,A,100-YEAR FLOODPLAIN,34071,106960,3,0,1,1,CONDOMINIUMS,916,33179,-9999,-9999,-9999,-9999,-9999,25.97275876,-80.18493398,4
3,6,1985,12,A,100-YEAR FLOODPLAIN,68109,114512,3,0,1,1,CONDOMINIUMS,1121,33179,-9999,-9999,-9999,-9999,-9999,25.97275876,-80.18493398,4
3,6,1985,12,A,100-YEAR FLOODPLAIN,35979,131428,3,0,1,1,CONDOMINIUMS,1163,33179,-9999,-9999,-9999,-9999,-9999,25.97275876,-80.18493398,4
3,6,1985,12,A,100-YEAR FLOODPLAIN,44730,109320,3,0,1,1,CONDOMINIUMS,916,33179,-9999,-9999,-9999,-9999,-9999,25.97275876,-80.18493398,4
3,6,1985,12,A,100-YEAR FLOODPLAIN,341548,106960,3,0,1,1,CONDOMINIUMS,916,33179,-9999,-9999,-9999,-9999,-9999,25.97275876,-80.18493398,4
3,6,1985,12,A,100-YEAR FLOODPLAIN,43841,114512,3,0,1,1,CONDOMINIUMS,1121,33179,-9999,-9999,-9999,-9999,-9999,25.97275876,-80.18493398,4
3,6,1985,12,A,100-YEAR FLOODPLAIN,36482,131428,3,0,1,1,CONDOMINIUMS,1163,33179,-9999,-9999,-9999,-9999,-9999,25.97275876,-80.18493398,4
3,6,1985,12,A,100-YEAR FLOODPLAIN,32504,109320,3,0,1,1,CONDOMINIUMS,916,33179,-9999,-9999,-9999,-9999,-9999,25.97275876,-80.18493398,4
3,6,1985,12,A,100-YEAR FLOODPLAIN,80410,106960,3,0,1,1,CONDOMINIUMS,916,33179,-9999,-9999,-9999,-9999,-9999,25.97275876,-80.18493398,4
3,6,1985,12,A,100-YEAR FLOODPLAIN,39972,114512,3,0,1,1,CONDOMINIUMS,1121,33179,-9999,-9999,-9999,-9999,-9999,25.97275876,-80.18493398,4
3,6,1985,12,A,100-YEAR FLOODPLAIN,49564,131428,3,0,1,1,CONDOMINIUMS,1163,33179,-9999,-9999,-9999,-9999,-9999,25.97275876,-80.18493398,4
3,6,1985,12,A,100-YEAR FLOODPLAIN,77887,109320,3,0,1,1,CONDOMINIUMS,916,33179,-9999,-9999,-9999,-9999,-9999,25.97275876,-80.18493398,4
3,6,1985,12,A,100-YEAR FLOODPLAIN,21435,106960,3,0,1,1,CONDOMINIUMS,916,33179,-9999,-9999,-9999,-9999,-9999,25.97275876,-80.18493398,4
3,6,1985,12,A,100-YEAR FLOODPLAIN,69047,114512,3,0,1,1,CONDOMINIUMS,1121,33179,-9999,-9999,-9999,-9999,-9999,25.97275876,-80.18493398,4
3,6,1985,12,A,100-YEAR FLOODPLAIN,98767,131428,3,0,1,1,CONDOMINIUMS,1163,33179,-9999,-9999,-9999,-9999,-9999,25.97275876,-80.18493398,4
3,6,1985,12,A,100-YEAR FLOODPLAIN,88920,109320,3,0,1,1,CONDOMINIUMS,916,33179,-9999,-9999,-9999,-9999,-9999,25.97275876,-80.18493398,4
3,6,1985,12,A,100-YEAR FLOODPLAIN,32867,106960,3,0,1,1,CONDOMINIUMS,916,33179,-9999,-9999,-9999,-9999,-9999,25.97275876,-80.18493398,4
3,6,1985,12,A,100-YEAR FLOODPLAIN,126526,114512,3,0,1,1,CONDOMINIUMS,1121,33179,-9999,-9999,-9999,-9999,-9999,25.97275876,-80.18493398,4
3,6,1985,12,A,100-YEAR FLOODPLAIN,97449,131428,3,0,1,1,CONDOMINIUMS,1163,33179,-9999,-9999,-9999,-9999,-9999,25.97275876,-80.18493398,4
3,6,1985,12,A,100-YEAR FLOODPLAIN,60576,109320,3,0,1,1,CONDOMINIUMS,916,33179,-9999,-9999,-9999,-9999,-9999,25.97275876,-80.18493398,4
3,6,1985,12,A,100-YEAR FLOODPLAIN,79325,106960,3,0,1,1,CONDOMINIUMS,916,33179,-9999,-9999,-9999,-9999,-9999,25.97275876,-80.18493398,4
3,6,1985,12,A,100-YEAR FLOODPLAIN,85448,114512,3,0,1,1,CONDOMINIUMS,1121,33179,-9999,-9999,-9999,-9999,-9999,25.97275876,-80.18493398,4
3,6,1985,12,A,100-YEAR FLOODPLAIN,45552,131428,3,0,1,1,CONDOMINIUMS,1163,33179,-9999,-9999,-9999,-9999,-9999,25.97275876,-80.18493398,4
3,6,1985,12,A,100-YEAR FLOODPLAIN,40540,109320,3,0,1,1,CONDOMINIUMS,916,33179,-9999,-9999,-9999,-9999,-9999,25.97275876,-80.18493398,4
3,6,1985,12,A,100-YEAR FLOODPLAIN,103218,106960,3,0,1,1,CONDOMINIUMS,916,33179,-9999,-9999,-9999,-9999,-9999,25.97275876,-80.18493398,4
3,6,1985,12,A,100-YEAR FLOODPLAIN,6269,114512,3,0,1,1,CONDOMINIUMS,1121,33179,-9999,-9999,-9999,-9999,-9999,25.97275876,-80.18493398,4
3,6,1985,12,A,100-YEAR FLOODPLAIN,21735,131428,3,0,1,1,CONDOMINIUMS,1163,33179,-9999,-9999,-9999,-9999,-9999,25.97275876,-80.18493398,4
3,6,1985,12,A,100-YEAR FLOODPLAIN,21036,109320,3,0,1,1,CONDOMINIUMS,916,33179,-9999,-9999,-9999,-9999,-9999,25.97275876,-80.18493398,4
3,6,1985,12,A,100-YEAR FLOODPLAIN,84336,106960,3,0,1,1,CONDOMINIUMS,916,33179,-9999,-9999,-9999,-9999,-9999,25.97275876,-80.18493398,4
3,6,1985,12,A,100-YEAR FLOODPLAIN,85880,114512,3,0,1,1,CONDOMINIUMS,1121,33179,-9999,-9999,-9999,-9999,-9999,25.97275876,-80.18493398,4
3,6,1985,12,A,100-YEAR FLOODPLAIN,52795,131428,3,0,1,1,CONDOMINIUMS,1163,33179,-9999,-9999,-9999,-9999,-9999,25.97275876,-80.18493398,4
3,6,1985,12,A,100-YEAR FLOODPLAIN,35161,109320,3,0,1,1,CONDOMINIUMS,916,33179,-9999,-9999,-9999,-9999,-9999,25.97275876,-80.18493398,4
3,6,1985,12,A,100-YEAR FLOODPLAIN,46372,106960,3,0,1,1,CONDOMINIUMS,916,33179,-9999,-9999,-9999,-9999,-9999,25.97275876,-80.18493398,4
3,6,1985,12,A,100-YEAR FLOODPLAIN,82366,114512,3,0,1,1,CONDOMINIUMS,1121,33179,-9999,-9999,-9999,-9999,-9999,25.97275876,-80.18493398,4
3,6,1985,12,A,100-YEAR FLOODPLAIN,13208,131428,3,0,1,1,CONDOMINIUMS,1163,33179,-9999,-9999,-9999,-9999,-9999,25.97275876,-80.18493398,4
3,6,1985,12,A,100-YEAR FLOODPLAIN,40032,109320,3,0,1,1,CONDOMINIUMS,916,33179,-9999,-9999,-9999,-9999,-9999,25.97275876,-80.18493398,4
3,6,1985,12,A,100-YEAR FLOODPLAIN,66515,106960,3,0,1,1,CONDOMINIUMS,916,33179,-9999,-9999,-9999,-9999,-9999,25.97275876,-80.18493398,4
3,6,1985,12,A,100-YEAR FLOODPLAIN,259196,114512,3,0,1,1,CONDOMINIUMS,1121,33179,-9999,-9999,-9999,-9999,-9999,25.97275876,-80.18493398,4
3,6,1985,12,A,100-YEAR FLOODPLAIN,61085,131428,3,0,1,1,CONDOMINIUMS,1163,33179,-9999,-9999,-9999,-9999,-9999,25.97275876,-80.18493398,4
3,6,1985,12,A,100-YEAR FLOODPLAIN,65616,109320,3,0,1,1,CONDOMINIUMS,916,33179,-9999,-9999,-9999,-9999,-9999,25.97275876,-80.18493398,4
3,6,1985,12,A,100-YEAR FLOODPLAIN,67597,106960,3,0,1,1,CONDOMINIUMS,916,33179,-9999,-9999,-9999,-9999,-9999,25.97275876,-80.18493398,4
3,6,1985,12,A,100-YEAR FLOODPLAIN,112009,114512,3,0,1,1,CONDOMINIUMS,1121,33179,-9999,-9999,-9999,-9999,-9999,25.97275876,-80.18493398,4
3,6,1985,12,A,100-YEAR FLOODPLAIN,149549,131428,3,0,1,1,CONDOMINIUMS,1163,33179,-9999,-9999,-9999,-9999,-9999,25.97275876,-80.18493398,4
3,6,1985,12,A,100-YEAR FLOODPLAIN,47697,109320,3,0,1,1,CONDOMINIUMS,916,33179,-9999,-9999,-9999,-9999,-9999,25.97275876,-80.18493398,4
3,6,1985,12,A,100-YEAR FLOODPLAIN,103443,106960,3,0,1,1,CONDOMINIUMS,916,33179,-9999,-9999,-9999,-9999,-9999,25.97275876,-80.18493398,4
3,6,1985,12,A,100-YEAR FLOODPLAIN,33567,114512,3,0,1,1,CONDOMINIUMS,1121,33179,-9999,-9999,-9999,-9999,-9999,25.97275876,-80.18493398,4
3,6,1985,12,A,100-YEAR FLOODPLAIN,22780,131428,3,0,1,1,CONDOMINIUMS,1163,33179,-9999,-9999,-9999,-9999,-9999,25.97275876,-80.18493398,4
3,6,1985,12,A,100-YEAR FLOODPLAIN,43970,109320,3,0,1,1,CONDOMINIUMS,916,33179,-9999,-9999,-9999,-9999,-9999,25.97275876,-80.18493398,4
3,6,1985,12,A,100-YEAR FLOODPLAIN,29631,106960,3,0,1,1,CONDOMINIUMS,916,33179,-9999,-9999,-9999,-9999,-9999,25.97275876,-80.18493398,4
3,6,1985,12,A,100-YEAR FLOODPLAIN,375294,114512,3,0,1,1,CONDOMINIUMS,1121,33179,-9999,-9999,-9999,-9999,-9999,25.97275876,-80.18493398,4
3,6,1985,12,A,100-YEAR FLOODPLAIN,23976,131428,3,0,1,1,CONDOMINIUMS,1163,33179,-9999,-9999,-9999,-9999,-9999,25.97275876,-80.18493398,4
3,7,1986,12,A,100-YEAR FLOODPLAIN,81060,103719,3,0,1,1,CONDOMINIUMS,916,33179,-9999,-9999,-9999,-9999,-9999,25.9718619,-80.18532768,4
3,7,1986,12,A,100-YEAR FLOODPLAIN,34727,101427,3,0,1,1,CONDOMINIUMS,916,33179,-9999,-9999,-9999,-9999,-9999,25.9718619,-80.18532768,4
3,7,1986,12,A,100-YEAR FLOODPLAIN,136915,109659,3,0,1,1,CONDOMINIUMS,1121,33179,-9999,-9999,-9999,-9999,-9999,25.9718619,-80.18532768,4
3,7,1986,12,A,100-YEAR FLOODPLAIN,35645,131694,3,0,1,1,CONDOMINIUMS,1163,33179,-9999,-9999,-9999,-9999,-9999,25.9718619,-80.18532768,4
3,7,1986,12,A,100-YEAR FLOODPLAIN,52579,103719,3,0,1,1,CONDOMINIUMS,916,33179,-9999,-9999,-9999,-9999,-9999,25.9718619,-80.18532768,4
3,7,1986,12,A,100-YEAR FLOODPLAIN,48845,101427,3,0,1,1,CONDOMINIUMS,916,33179,-9999,-9999,-9999,-9999,-9999,25.9718619,-80.18532768,4
3,7,1986,12,A,100-YEAR FLOODPLAIN,117036,109659,3,0,1,1,CONDOMINIUMS,1121,33179,-9999,-9999,-9999,-9999,-9999,25.9718619,-80.18532768,4
3,7,1986,12,A,100-YEAR FLOODPLAIN,79240,131694,3,0,1,1,CONDOMINIUMS,1163,33179,-9999,-9999,-9999,-9999,-9999,25.9718619,-80.18532768,4
3,7,1986,12,A,100-YEAR FLOODPLAIN,69183,103719,3,0,1,1,CONDOMINIUMS,916,33179,-9999,-9999,-9999,-9999,-9999,25.9718619,-80.18532768,4
3,7,1986,12,A,100-YEAR FLOODPLAIN,23284,101427,3,0,1,1,CONDOMINIUMS,916,33179,-9999,-9999,-9999,-9999,-9999,25.9718619,-80.18532768,4
3,7,1986,12,A,100-YEAR FLOODPLAIN,14291,109659,3,0,1,1,CONDOMINIUMS,1121,33179,-9999,-9999,-9999,-9999,-9999,25.9718619,-80.18532768,4
3,7,1986,12,A,100-YEAR FLOODPLAIN,97253,131694,3,0,1,1,CONDOMINIUMS,1163,33179,-9999,-9999,-9999,-9999,-9999,25.9718619,-80.18532768,4
3,7,1986,12,A,100-YEAR FLOODPLAIN,93643,103719,3,0,1,1,CONDOMINIUMS,916,33179,-9999,-9999,-9999,-9999,-9999,25.9718619,-80.18532768,4
3,7,1986,12,A,100-YEAR FLOODPLAIN,26634,101427,3,0,1,1,CONDOMINIUMS,916,33179,-9999,-9999,-9999,-9999,-9999,25.9718619,-80.18532768,4
3,7,1986,12,A,100-YEAR FLOODPLAIN,53848,109659,3,0,1,1,CONDOMINIUMS,1121,33179,-9999,-9999,-9999,-9999,-9999,25.9718619,-80.18532768,4
3,7,1986,12,A,100-YEAR FLOODPLAIN,82357,131694,3,0,1,1,CONDOMINIUMS,1163,33179,-9999,-9999,-9999,-9999,-9999,25.9718619,-80.18532768,4
3,7,1986,12,A,100-YEAR FLOODPLAIN,54444,103719,3,0,1,1,CONDOMINIUMS,916,33179,-9999,-9999,-9999,-9999,-9999,25.9718619,-80.18532768,4
3,7,1986,12,A,100-YEAR FLOODPLAIN,53283,101427,3,0,1,1,CONDOMINIUMS,916,33179,-9999,-9999,-9999,-9999,-9999,25.9718619,-80.18532768,4
3,7,1986,12,A,100-YEAR FLOODPLAIN,66149,109659,3,0,1,1,CONDOMINIUMS,1121,33179,-9999,-9999,-9999,-9999,-9999,25.9718619,-80.18532768,4
3,7,1986,12,A,100-YEAR FLOODPLAIN,66548,131694,3,0,1,1,CONDOMINIUMS,1163,33179,-9999,-9999,-9999,-9999,-9999,25.9718619,-80.18532768,4
3,7,1986,12,A,100-YEAR FLOODPLAIN,64168,103719,3,0,1,1,CONDOMINIUMS,916,33179,-9999,-9999,-9999,-9999,-9999,25.9718619,-80.18532768,4
3,7,1986,12,A,100-YEAR FLOODPLAIN,87074,101427,3,0,1,1,CONDOMINIUMS,916,33179,-9999,-9999,-9999,-9999,-9999,25.9718619,-80.18532768,4
3,7,1986,12,A,100-YEAR FLOODPLAIN,17004,109659,3,0,1,1,CONDOMINIUMS,1121,33179,-9999,-9999,-9999,-9999,-9999,25.9718619,-80.18532768,4
3,7,1986,12,A,100-YEAR FLOODPLAIN,33029,131694,3,0,1,1,CONDOMINIUMS,1163,33179,-9999,-9999,-9999,-9999,-9999,25.9718619,-80.18532768,4
3,7,1986,12,A,100-YEAR FLOODPLAIN,83985,101427,3,0,1,1,CONDOMINIUMS,916,33179,-9999,-9999,-9999,-9999,-9999,25.9718619,-80.18532768,4
3,7,1986,12,A,100-YEAR FLOODPLAIN,45144,109659,3,0,1,1,CONDOMINIUMS,1121,33179,-9999,-9999,-9999,-9999,-9999,25.9718619,-80.18532768,4
3,7,1986,12,A,100-YEAR FLOODPLAIN,62575,131694,3,0,1,1,CONDOMINIUMS,1163,33179,-9999,-9999,-9999,-9999,-9999,25.9718619,-80.18532768,4
3,7,1986,12,A,100-YEAR FLOODPLAIN,63142,103719,3,0,1,1,CONDOMINIUMS,916,33179,-9999,-9999,-9999,-9999,-9999,25.9718619,-80.18532768,4
3,7,1986,12,A,100-YEAR FLOODPLAIN,40384,101427,3,0,1,1,CONDOMINIUMS,916,33179,-9999,-9999,-9999,-9999,-9999,25.9718619,-80.18532768,4
3,7,1986,12,A,100-YEAR FLOODPLAIN,86848,109659,3,0,1,1,CONDOMINIUMS,1121,33179,-9999,-9999,-9999,-9999,-9999,25.9718619,-80.18532768,4
3,7,1986,12,A,100-YEAR FLOODPLAIN,65197,131694,3,0,1,1,CONDOMINIUMS,1163,33179,-9999,-9999,-9999,-9999,-9999,25.9718619,-80.18532768,4
3,7,1997,12,A,100-YEAR FLOODPLAIN,68686,128492,3,0,1,1,CONDOMINIUMS,1170,33179,-9999,-9999,-9999,-9999,-9999,25.97104275,-80.18574762,4
3,7,1997,12,A,100-YEAR FLOODPLAIN,74852,125091,3,0,1,1,CONDOMINIUMS,1170,33179,-9999,-9999,-9999,-9999,-9999,25.97104275,-80.18574762,4
3,7,1997,12,A,100-YEAR FLOODPLAIN,65817,115243,3,0,1,1,CONDOMINIUMS,1160,33179,-9999,-9999,-9999,-9999,-9999,25.97104275,-80.18574762,4
3,7,1997,12,A,100-YEAR FLOODPLAIN,139639,103594,3,0,1,1,CONDOMINIUMS,1040,33179,-9999,-9999,-9999,-9999,-9999,25.97104275,-80.18574762,4
3,7,1997,12,A,100-YEAR FLOODPLAIN,87378,103594,3,0,1,1,CONDOMINIUMS,1040,33179,-9999,-9999,-9999,-9999,-9999,25.97104275,-80.18574762,4
3,7,1997,12,A,100-YEAR FLOODPLAIN,243384,115243,3,0,1,1,CONDOMINIUMS,1160,33179,-9999,-9999,-9999,-9999,-9999,25.97104275,-80.18574762,4
3,7,1997,12,A,100-YEAR FLOODPLAIN,63045,115243,3,0,1,1,CONDOMINIUMS,1160,33179,-9999,-9999,-9999,-9999,-9999,25.97104275,-80.18574762,4
3,7,1997,12,A,100-YEAR FLOODPLAIN,77640,133283,3,0,1,1,CONDOMINIUMS,1190,33179,-9999,-9999,-9999,-9999,-9999,25.97104275,-80.18574762,4
3,7,1997,12,A,100-YEAR FLOODPLAIN,88547,131363,3,0,1,1,CONDOMINIUMS,1170,33179,-9999,-9999,-9999,-9999,-9999,25.97105334,-80.18544261,4
3,7,1997,12,A,100-YEAR FLOODPLAIN,43322,127873,3,0,1,1,CONDOMINIUMS,1170,33179,-9999,-9999,-9999,-9999,-9999,25.97105334,-80.18544261,4
3,7,1997,12,A,100-YEAR FLOODPLAIN,93638,121347,3,0,1,1,CONDOMINIUMS,1160,33179,-9999,-9999,-9999,-9999,-9999,25.97105334,-80.18544261,4
3,7,1997,12,A,100-YEAR FLOODPLAIN,60316,105512,3,0,1,1,CONDOMINIUMS,1040,33179,-9999,-9999,-9999,-9999,-9999,25.97105334,-80.18544261,4
3,7,1997,12,A,100-YEAR FLOODPLAIN,27153,105512,3,0,1,1,CONDOMINIUMS,1040,33179,-9999,-9999,-9999,-9999,-9999,25.97105334,-80.18544261,4
3,7,1997,12,A,100-YEAR FLOODPLAIN,56306,121347,3,0,1,1,CONDOMINIUMS,1160,33179,-9999,-9999,-9999,-9999,-9999,25.97105334,-80.18544261,4
3,7,1997,12,A,100-YEAR FLOODPLAIN,58704,121347,3,0,1,1,CONDOMINIUMS,1160,33179,-9999,-9999,-9999,-9999,-9999,25.97105334,-80.18544261,4
3,7,1997,12,A,100-YEAR FLOODPLAIN,93021,132728,3,0,1,1,CONDOMINIUMS,1190,33179,-9999,-9999,-9999,-9999,-9999,25.97105334,-80.18544261,4
3,7,1998,12,A,100-YEAR FLOODPLAIN,97034,131363,3,0,1,1,CONDOMINIUMS,1170,33179,-9999,-9999,-9999,-9999,-9999,25.97177237,-80.18457323,4
3,7,1998,12,A,100-YEAR FLOODPLAIN,52168,127873,3,0,1,1,CONDOMINIUMS,1170,33179,-9999,-9999,-9999,-9999,-9999,25.97177237,-80.18457323,4
3,7,1998,12,A,100-YEAR FLOODPLAIN,38582,123404,3,0,1,1,CONDOMINIUMS,1160,33179,-9999,-9999,-9999,-9999,-9999,25.97177237,-80.18457323,4
3,7,1998,12,A,100-YEAR FLOODPLAIN,52997,105512,3,0,1,1,CONDOMINIUMS,1030,33179,-9999,-9999,-9999,-9999,-9999,25.97177237,-80.18457323,4
3,7,1998,12,A,100-YEAR FLOODPLAIN,57063,105512,3,0,1,1,CONDOMINIUMS,1030,33179,-9999,-9999,-9999,-9999,-9999,25.97177237,-80.18457323,4
3,7,1998,12,A,100-YEAR FLOODPLAIN,37104,126147,3,0,1,1,CONDOMINIUMS,1170,33179,-9999,-9999,-9999,-9999,-9999,25.97177237,-80.18457323,4
3,7,1998,12,A,100-YEAR FLOODPLAIN,87170,126147,3,0,1,1,CONDOMINIUMS,1170,33179,-9999,-9999,-9999,-9999,-9999,25.97177237,-80.18457323,4
3,7,1998,12,A,100-YEAR FLOODPLAIN,22131,131631,3,0,1,1,CONDOMINIUMS,1180,33179,-9999,-9999,-9999,-9999,-9999,25.97177237,-80.18457323,4
3,7,1998,12,A,100-YEAR FLOODPLAIN,86681,131363,3,0,1,1,CONDOMINIUMS,1170,33179,-9999,-9999,-9999,-9999,-9999,25.97137594,-80.18522112,4
3,7,1998,12,A,100-YEAR FLOODPLAIN,62181,127873,3,0,1,1,CONDOMINIUMS,1170,33179,-9999,-9999,-9999,-9999,-9999,25.97137594,-80.18522112,4
3,7,1998,12,A,100-YEAR FLOODPLAIN,35263,132728,3,0,1,1,CONDOMINIUMS,1200,33179,-9999,-9999,-9999,-9999,-9999,25.97137594,-80.18522112,4
3,7,1998,12,A,100-YEAR FLOODPLAIN,32809,105512,3,0,1,1,CONDOMINIUMS,1040,33179,-9999,-9999,-9999,-9999,-9999,25.97137594,-80.18522112,4
3,7,1998,12,A,100-YEAR FLOODPLAIN,41482,105512,3,0,1,1,CONDOMINIUMS,1040,33179,-9999,-9999,-9999,-9999,-9999,25.97137594,-80.18522112,4
3,7,1998,12,A,100-YEAR FLOODPLAIN,63301,121347,3,0,1,1,CONDOMINIUMS,1150,33179,-9999,-9999,-9999,-9999,-9999,25.97137594,-80.18522112,4
3,7,1998,12,A,100-YEAR FLOODPLAIN,67259,121347,3,0,1,1,CONDOMINIUMS,1150,33179,-9999,-9999,-9999,-9999,-9999,25.97137594,-80.18522112,4
3,7,1998,12,A,100-YEAR FLOODPLAIN,145867,136020,3,0,1,1,CONDOMINIUMS,1230,33179,-9999,-9999,-9999,-9999,-9999,25.97137594,-80.18522112,4
3,7,1999,12,A,100-YEAR FLOODPLAIN,63083,128148,3,0,1,1,CONDOMINIUMS,1170,33179,-9999,-9999,-9999,-9999,-9999,25.97137095,-80.18454914,4
3,7,1999,12,A,100-YEAR FLOODPLAIN,62380,124748,3,0,1,1,CONDOMINIUMS,1170,33179,-9999,-9999,-9999,-9999,-9999,25.97137095,-80.18454914,4
3,7,1999,12,A,100-YEAR FLOODPLAIN,35319,135182,3,0,1,1,CONDOMINIUMS,1200,33179,-9999,-9999,-9999,-9999,-9999,25.97137095,-80.18454914,4
3,7,1999,12,A,100-YEAR FLOODPLAIN,78362,101915,3,0,1,1,CONDOMINIUMS,1040,33179,-9999,-9999,-9999,-9999,-9999,25.97137095,-80.18454914,4
3,7,1999,12,A,100-YEAR FLOODPLAIN,35492,101915,3,0,1,1,CONDOMINIUMS,1040,33179,-9999,-9999,-9999,-9999,-9999,25.97137095,-80.18454914,4
3,7,1999,12,A,100-YEAR FLOODPLAIN,26494,113623,3,0,1,1,CONDOMINIUMS,1150,33179,-9999,-9999,-9999,-9999,-9999,25.97137095,-80.18454914,4
3,7,1999,12,A,100-YEAR FLOODPLAIN,40766,113623,3,0,1,1,CONDOMINIUMS,1150,33179,-9999,-9999,-9999,-9999,-9999,25.97137095,-80.18454914,4
3,7,1999,12,A,100-YEAR FLOODPLAIN,56036,135182,3,0,1,1,CONDOMINIUMS,1230,33179,-9999,-9999,-9999,-9999,-9999,25.97137095,-80.18454914,4
3,7,1999,12,A,100-YEAR FLOODPLAIN,68457,131292,3,0,1,1,CONDOMINIUMS,1170,33179,-9999,-9999,-9999,-9999,-9999,25.97111462,-80.18454498,4
3,7,1999,12,A,100-YEAR FLOODPLAIN,37875,127809,3,0,1,1,CONDOMINIUMS,1170,33179,-9999,-9999,-9999,-9999,-9999,25.97111462,-80.18454498,4
3,7,1999,12,A,100-YEAR FLOODPLAIN,82255,132340,3,0,1,1,CONDOMINIUMS,1200,33179,-9999,-9999,-9999,-9999,-9999,25.97111462,-80.18454498,4
3,7,1999,12,A,100-YEAR FLOODPLAIN,295908,104818,3,0,1,1,CONDOMINIUMS,1040,33179,-9999,-9999,-9999,-9999,-9999,25.97111462,-80.18454498,4
3,7,1999,12,A,100-YEAR FLOODPLAIN,329026,104818,3,0,1,1,CONDOMINIUMS,1040,33179,-9999,-9999,-9999,-9999,-9999,25.97111462,-80.18454498,4
3,7,1999,12,A,100-YEAR FLOODPLAIN,34175,121138,3,0,1,1,CONDOMINIUMS,1150,33179,-9999,-9999,-9999,-9999,-9999,25.97111462,-80.18454498,4
3,7,1999,12,A,100-YEAR FLOODPLAIN,61436,121138,3,0,1,1,CONDOMINIUMS,1150,33179,-9999,-9999,-9999,-9999,-9999,25.97111462,-80.18454498,4
3,7,1999,12,A,100-YEAR FLOODPLAIN,58706,135466,3,0,1,1,CONDOMINIUMS,1230,33179,-9999,-9999,-9999,-9999,-9999,25.97111462,-80.18454498,4
1,8,1957,12,X,OUTSIDE FLOODPLAIN,47972,165257,3,60807,1,1,SINGLE FAMILY,1363,33179,-9999,-9999,-9999,-9999,-9999,25.97231882,-80.18247706,4
1,8,1957,12,X,OUTSIDE FLOODPLAIN,62179,160703,3,60651,1,1,SINGLE FAMILY,1251,33179,-9999,-9999,-9999,-9999,-9999,25.97204758,-80.18246912,4
1,8,1957,12,X,OUTSIDE FLOODPLAIN,34231,145907,3,60417,1,1,SINGLE FAMILY,1115,33179,-9999,-9999,-9999,-9999,-9999,25.97162372,-80.18245331,4
1,8,1957,12,X,OUTSIDE FLOODPLAIN,58587,154099,3,60254,1,1,SINGLE FAMILY,1209,33179,-9999,-9999,-9999,-9999,-9999,25.97135769,-80.18244307,4
3,7,1993,12,A,100-YEAR FLOODPLAIN,92397,113148,3,0,1,1,CONDOMINIUMS,1090,33179,-9999,-9999,-9999,-9999,-9999,25.9725718,-80.18369708,4
3,7,1993,12,A,100-YEAR FLOODPLAIN,85997,89599,2,0,1,1,CONDOMINIUMS,880,33179,-9999,-9999,-9999,-9999,-9999,25.9725718,-80.18369708,4
3,7,1993,12,A,100-YEAR FLOODPLAIN,58231,135640,3,0,1,1,CONDOMINIUMS,1230,33179,-9999,-9999,-9999,-9999,-9999,25.9725718,-80.18369708,4
3,7,1993,12,A,100-YEAR FLOODPLAIN,97042,110641,3,0,1,1,CONDOMINIUMS,1070,33179,-9999,-9999,-9999,-9999,-9999,25.9725718,-80.18369708,4
3,7,1993,12,A,100-YEAR FLOODPLAIN,18054,113148,3,0,1,1,CONDOMINIUMS,1090,33179,-9999,-9999,-9999,-9999,-9999,25.9725718,-80.18369708,4
3,7,1993,12,A,100-YEAR FLOODPLAIN,82209,89599,2,0,1,1,CONDOMINIUMS,880,33179,-9999,-9999,-9999,-9999,-9999,25.9725718,-80.18369708,4
3,7,1993,12,A,100-YEAR FLOODPLAIN,86592,135640,3,0,1,1,CONDOMINIUMS,1230,33179,-9999,-9999,-9999,-9999,-9999,25.9725718,-80.18369708,4
3,7,1993,12,A,100-YEAR FLOODPLAIN,32455,110641,3,0,1,1,CONDOMINIUMS,1070,33179,-9999,-9999,-9999,-9999,-9999,25.9725718,-80.18369708,4
3,7,1993,12,A,100-YEAR FLOODPLAIN,85610,113148,3,0,1,1,CONDOMINIUMS,1090,33179,-9999,-9999,-9999,-9999,-9999,25.9725718,-80.18369708,4
3,7,1993,12,A,100-YEAR FLOODPLAIN,38674,89599,2,0,1,1,CONDOMINIUMS,880,33179,-9999,-9999,-9999,-9999,-9999,25.9725718,-80.18369708,4
3,7,1993,12,A,100-YEAR FLOODPLAIN,88014,135640,3,0,1,1,CONDOMINIUMS,1230,33179,-9999,-9999,-9999,-9999,-9999,25.9725718,-80.18369708,4
3,7,1993,12,A,100-YEAR FLOODPLAIN,34049,110641,3,0,1,1,CONDOMINIUMS,1070,33179,-9999,-9999,-9999,-9999,-9999,25.9725718,-80.18369708,4
3,6,1994,12,A,100-YEAR FLOODPLAIN,34879,112838,3,0,1,1,CONDOMINIUMS,1090,33179,-9999,-9999,-9999,-9999,-9999,25.97152078,-80.18374968,4
3,6,1994,12,A,100-YEAR FLOODPLAIN,70101,89586,2,0,1,1,CONDOMINIUMS,880,33179,-9999,-9999,-9999,-9999,-9999,25.97152078,-80.18374968,4
3,6,1994,12,A,100-YEAR FLOODPLAIN,144830,135710,3,0,1,1,CONDOMINIUMS,1230,33179,-9999,-9999,-9999,-9999,-9999,25.97152078,-80.18374968,4
3,6,1994,12,A,100-YEAR FLOODPLAIN,89919,110526,3,0,1,1,CONDOMINIUMS,1070,33179,-9999,-9999,-9999,-9999,-9999,25.97152078,-80.18374968,4
3,6,1994,12,A,100-YEAR FLOODPLAIN,69942,112838,3,0,1,1,CONDOMINIUMS,1090,33179,-9999,-9999,-9999,-9999,-9999,25.97152078,-80.18374968,4
3,6,1994,12,A,100-YEAR FLOODPLAIN,78678,89586,2,0,1,1,CONDOMINIUMS,880,33179,-9999,-9999,-9999,-9999,-9999,25.97152078,-80.18374968,4
3,6,1994,12,A,100-YEAR FLOODPLAIN,51685,135710,3,0,1,1,CONDOMINIUMS,1230,33179,-9999,-9999,-9999,-9999,-9999,25.97152078,-80.18374968,4
3,6,1994,12,A,100-YEAR FLOODPLAIN,41719,110526,3,0,1,1,CONDOMINIUMS,1070,33179,-9999,-9999,-9999,-9999,-9999,25.97152078,-80.18374968,4
3,6,1994,12,A,100-YEAR FLOODPLAIN,46145,112838,3,0,1,1,CONDOMINIUMS,1090,33179,-9999,-9999,-9999,-9999,-9999,25.97152078,-80.18374968,4
3,6,1994,12,A,100-YEAR FLOODPLAIN,72748,89586,2,0,1,1,CONDOMINIUMS,880,33179,-9999,-9999,-9999,-9999,-9999,25.97152078,-80.18374968,4
3,6,1994,12,A,100-YEAR FLOODPLAIN,55255,135710,3,0,1,1,CONDOMINIUMS,1230,33179,-9999,-9999,-9999,-9999,-9999,25.97152078,-80.18374968,4
3,6,1994,12,A,100-YEAR FLOODPLAIN,63584,110526,3,0,1,1,CONDOMINIUMS,1070,33179,-9999,-9999,-9999,-9999,-9999,25.97152078,-80.18374968,4
3,6,1994,12,A,100-YEAR FLOODPLAIN,55481,112838,3,0,1,1,CONDOMINIUMS,1090,33179,-9999,-9999,-9999,-9999,-9999,25.97152078,-80.18374968,4
3,6,1994,12,A,100-YEAR FLOODPLAIN,80390,89586,2,0,1,1,CONDOMINIUMS,880,33179,-9999,-9999,-9999,-9999,-9999,25.97152078,-80.18374968,4
3,6,1994,12,A,100-YEAR FLOODPLAIN,58858,135710,3,0,1,1,CONDOMINIUMS,1230,33179,-9999,-9999,-9999,-9999,-9999,25.97152078,-80.18374968,4
3,6,1994,12,A,100-YEAR FLOODPLAIN,141267,110526,3,0,1,1,CONDOMINIUMS,1070,33179,-9999,-9999,-9999,-9999,-9999,25.97152078,-80.18374968,4
3,6,1994,12,A,100-YEAR FLOODPLAIN,90134,112838,3,0,1,1,CONDOMINIUMS,1090,33179,-9999,-9999,-9999,-9999,-9999,25.97152078,-80.18374968,4
3,6,1994,12,A,100-YEAR FLOODPLAIN,75809,89586,2,0,1,1,CONDOMINIUMS,880,33179,-9999,-9999,-9999,-9999,-9999,25.97152078,-80.18374968,4
3,6,1994,12,A,100-YEAR FLOODPLAIN,67519,135710,3,0,1,1,CONDOMINIUMS,1230,33179,-9999,-9999,-9999,-9999,-9999,25.97152078,-80.18374968,4
3,6,1994,12,A,100-YEAR FLOODPLAIN,28447,110526,3,0,1,1,CONDOMINIUMS,1070,33179,-9999,-9999,-9999,-9999,-9999,25.97152078,-80.18374968,4
3,7,1995,12,A,100-YEAR FLOODPLAIN,25078,113079,3,0,1,1,CONDOMINIUMS,1090,33179,-9999,-9999,-9999,-9999,-9999,25.97225975,-80.1837225,4
3,7,1995,12,A,100-YEAR FLOODPLAIN,76064,89732,2,0,1,1,CONDOMINIUMS,880,33179,-9999,-9999,-9999,-9999,-9999,25.97225975,-80.1837225,4
3,7,1995,12,A,100-YEAR FLOODPLAIN,39095,135652,3,0,1,1,CONDOMINIUMS,1230,33179,-9999,-9999,-9999,-9999,-9999,25.97225975,-80.1837225,4
3,7,1995,12,A,100-YEAR FLOODPLAIN,142384,113079,3,0,1,1,CONDOMINIUMS,1090,33179,-9999,-9999,-9999,-9999,-9999,25.97225975,-80.1837225,4
3,7,1995,12,A,100-YEAR FLOODPLAIN,84749,89732,2,0,1,1,CONDOMINIUMS,880,33179,-9999,-9999,-9999,-9999,-9999,25.97225975,-80.1837225,4
3,7,1995,12,A,100-YEAR FLOODPLAIN,38957,135652,3,0,1,1,CONDOMINIUMS,1230,33179,-9999,-9999,-9999,-9999,-9999,25.97225975,-80.1837225,4
3,7,1995,12,A,100-YEAR FLOODPLAIN,89828,110618,3,0,1,1,CONDOMINIUMS,1070,33179,-9999,-9999,-9999,-9999,-9999,25.97225975,-80.1837225,4
3,7,1995,12,A,100-YEAR FLOODPLAIN,137753,113079,3,0,1,1,CONDOMINIUMS,1090,33179,-9999,-9999,-9999,-9999,-9999,25.97225975,-80.1837225,4
3,7,1995,12,A,100-YEAR FLOODPLAIN,88012,89732,2,0,1,1,CONDOMINIUMS,880,33179,-9999,-9999,-9999,-9999,-9999,25.97225975,-80.1837225,4
3,7,1995,12,A,100-YEAR FLOODPLAIN,148005,135652,3,0,1,1,CONDOMINIUMS,1230,33179,-9999,-9999,-9999,-9999,-9999,25.97225975,-80.1837225,4
3,7,1995,12,A,100-YEAR FLOODPLAIN,73284,110618,3,0,1,1,CONDOMINIUMS,1070,33179,-9999,-9999,-9999,-9999,-9999,25.97225975,-80.1837225,4
3,7,1995,12,A,100-YEAR FLOODPLAIN,43035,113079,3,0,1,1,CONDOMINIUMS,1090,33179,-9999,-9999,-9999,-9999,-9999,25.97225975,-80.1837225,4
3,7,1995,12,A,100-YEAR FLOODPLAIN,69769,89732,2,0,1,1,CONDOMINIUMS,880,33179,-9999,-9999,-9999,-9999,-9999,25.97225975,-80.1837225,4
3,7,1995,12,A,100-YEAR FLOODPLAIN,27632,135652,3,0,1,1,CONDOMINIUMS,1230,33179,-9999,-9999,-9999,-9999,-9999,25.97225975,-80.1837225,4
3,7,1995,12,A,100-YEAR FLOODPLAIN,56986,110618,3,0,1,1,CONDOMINIUMS,1070,33179,-9999,-9999,-9999,-9999,-9999,25.97225975,-80.1837225,4
1,9,1956,12,X,OUTSIDE FLOODPLAIN,87240,165898,3,65899,1,1,SINGLE FAMILY,1324,33179,-9999,-9999,-9999,-9999,-9999,25.97107138,-80.17546752,4
1,9,1956,12,X,OUTSIDE FLOODPLAIN,36422,130806,3,58468,1,1,SINGLE FAMILY,1547,33179,-9999,-9999,-9999,-9999,-9999,25.97106788,-80.1757254,4
1,9,1973,12,X,OUTSIDE FLOODPLAIN,69414,151133,3,58468,1,1,SINGLE FAMILY,1166,33179,-9999,-9999,-9999,-9999,-9999,25.97106323,-80.17595487,4
1,9,1961,12,X,OUTSIDE FLOODPLAIN,80601,204488,4,58468,1,1,SINGLE FAMILY,1817,33179,-9999,-9999,-9999,-9999,-9999,25.97105879,-80.17617327,4
1,9,1956,12,X,OUTSIDE FLOODPLAIN,61247,184913,3,58468,1,1,SINGLE FAMILY,1638,33179,-9999,-9999,-9999,-9999,-9999,25.97105427,-80.1763965,4
1,8,1968,12,X,OUTSIDE FLOODPLAIN,87009,136029,3,58468,1,1,SINGLE FAMILY,1115,33179,-9999,-9999,-9999,-9999,-9999,25.97104954,-80.17662943,4
1,9,1956,12,X,OUTSIDE FLOODPLAIN,51787,149351,3,58468,1,1,SINGLE FAMILY,1134,33179,-9999,-9999,-9999,-9999,-9999,25.9710449,-80.17685856,4
1,9,1956,12,X,OUTSIDE FLOODPLAIN,32242,165218,3,58468,1,1,SINGLE FAMILY,1411,33179,-9999,-9999,-9999,-9999,-9999,25.97104047,-80.17707659,4
1,9,1956,12,X,OUTSIDE FLOODPLAIN,42588,138193,3,58468,1,1,SINGLE FAMILY,1063,33179,-9999,-9999,-9999,-9999,-9999,25.97103615,-80.17728939,4
1,9,1956,12,X,OUTSIDE FLOODPLAIN,147526,141313,3,65173,1,1,SINGLE FAMILY,1269,33179,-9999,-9999,-9999,-9999,-9999,25.97103062,-80.17753961,4
1,9,1956,12,X,OUTSIDE FLOODPLAIN,24430,164251,3,66276,1,1,SINGLE FAMILY,1253,33179,-9999,-9999,-9999,-9999,-9999,25.97175749,-80.17549318,4
1,9,1956,12,X,OUTSIDE FLOODPLAIN,81248,197549,3,58468,2,1,SINGLE FAMILY,1819,33179,-9999,-9999,-9999,-9999,-9999,25.97175463,-80.17574999,4
1,9,1956,12,X,OUTSIDE FLOODPLAIN,56656,173556,3,58468,1,1,SINGLE FAMILY,1496,33179,-9999,-9999,-9999,-9999,-9999,25.97175117,-80.17597374,4
1,9,1956,12,X,OUTSIDE FLOODPLAIN,48442,140143,3,58468,1,1,SINGLE FAMILY,1089,33179,-9999,-9999,-9999,-9999,-9999,25.97174784,-80.17618957,4
1,9,1980,12,X,OUTSIDE FLOODPLAIN,19697,185314,3,58468,1,1,SINGLE FAMILY,1377,33179,-9999,-9999,-9999,-9999,-9999,25.97174435,-80.1764161,4
1,9,1956,12,X,OUTSIDE FLOODPLAIN,102541,183193,3,58468,1,1,SINGLE FAMILY,1595,33179,-9999,-9999,-9999,-9999,-9999,25.97174078,-80.1766466,4
1,9,1956,12,X,OUTSIDE FLOODPLAIN,40866,147916,3,58468,2,1,SINGLE FAMILY,1219,33179,-9999,-9999,-9999,-9999,-9999,25.97173735,-80.17686852,4
1,9,1956,12,X,OUTSIDE FLOODPLAIN,136763,138193,3,58468,1,1,SINGLE FAMILY,1063,33179,-9999,-9999,-9999,-9999,-9999,25.97173407,-80.17708082,4
1,9,1966,12,X,OUTSIDE FLOODPLAIN,87410,171653,3,58468,1,1,SINGLE FAMILY,1221,33179,-9999,-9999,-9999,-9999,-9999,25.97173058,-80.17731982,4
1,8,1956,12,X,OUTSIDE FLOODPLAIN,80927,152531,3,65173,1,1,SINGLE FAMILY,1115,33179,-9999,-9999,-9999,-9999,-9999,25.97172552,-80.17758429,4
1,9,1997,12,X,OUTSIDE FLOODPLAIN,43975,187483,3,65173,1,1,SINGLE FAMILY,1208,33179,-9999,-9999,-9999,-9999,-9999,25.97145877,-80.17757486,4
1,9,1956,12,X,OUTSIDE FLOODPLAIN,64157,181421,3,58468,1,1,SINGLE FAMILY,1610,33179,-9999,-9999,-9999,-9999,-9999,25.97146178,-80.17731234,4
1,9,1956,12,X,OUTSIDE FLOODPLAIN,75265,175325,3,58468,1,1,SINGLE FAMILY,1470,33179,-9999,-9999,-9999,-9999,-9999,25.97146542,-80.17707531,4
1,9,1956,12,X,OUTSIDE FLOODPLAIN,95032,201556,4,58468,1,1,SINGLE FAMILY,1872,33179,-9999,-9999,-9999,-9999,-9999,25.97146883,-80.17686302,4
1,9,1967,12,X,OUTSIDE FLOODPLAIN,53972,195494,3,58468,1,1,SINGLE FAMILY,1771,33179,-9999,-9999,-9999,-9999,-9999,25.97147239,-80.17664111,4
1,8,1956,12,X,OUTSIDE FLOODPLAIN,90612,171492,3,58468,1,1,SINGLE FAMILY,1326,33179,-9999,-9999,-9999,-9999,-9999,25.97147608,-80.17641062,4
1,9,1966,12,X,OUTSIDE FLOODPLAIN,42921,146060,3,58468,1,1,SINGLE FAMILY,1151,33179,-9999,-9999,-9999,-9999,-9999,25.97147973,-80.17618409,4
1,9,1956,12,X,OUTSIDE FLOODPLAIN,63271,182029,3,58468,1,1,SINGLE FAMILY,1455,33179,-9999,-9999,-9999,-9999,-9999,25.9714832,-80.17596826,4
1,8,1957,12,X,OUTSIDE FLOODPLAIN,30008,135193,3,58468,1,1,SINGLE FAMILY,1012,33179,-9999,-9999,-9999,-9999,-9999,25.97148678,-80.17574452,4
1,9,1956,12,X,OUTSIDE FLOODPLAIN,83782,196938,3,66128,1,1,SINGLE FAMILY,1693,33179,-9999,-9999,-9999,-9999,-9999,25.97149157,-80.17548733,4
1,8,1956,12,X,OUTSIDE FLOODPLAIN,38087,148252,3,66654,1,1,SINGLE FAMILY,1063,33179,-9999,-9999,-9999,-9999,-9999,25.97244792,-80.17551704,4
1,8,1956,12,X,OUTSIDE FLOODPLAIN,62464,143060,3,58468,1,1,SINGLE FAMILY,1115,33179,-9999,-9999,-9999,-9999,-9999,25.97244525,-80.17577412,4
1,8,1973,12,X,OUTSIDE FLOODPLAIN,143891,193613,3,58468,1,1,SINGLE FAMILY,1601,33179,-9999,-9999,-9999,-9999,-9999,25.97244183,-80.17599933,4
1,8,1956,12,X,OUTSIDE FLOODPLAIN,90655,152237,3,58468,2,1,SINGLE FAMILY,1247,33179,-9999,-9999,-9999,-9999,-9999,25.97243859,-80.17621267,4
1,9,1956,12,X,OUTSIDE FLOODPLAIN,43318,197459,3,58468,1,1,SINGLE FAMILY,1529,33179,-9999,-9999,-9999,-9999,-9999,25.97243521,-80.17643452,4
1,8,1956,12,X,OUTSIDE FLOODPLAIN,33276,143043,3,58468,1,1,SINGLE FAMILY,1115,33179,-9999,-9999,-9999,-9999,-9999,25.97243173,-80.17666287,4
1,8,1956,12,X,OUTSIDE FLOODPLAIN,34957,138193,3,58468,1,1,SINGLE FAMILY,1063,33179,-9999,-9999,-9999,-9999,-9999,25.97242835,-80.1768852,4
1,9,1972,12,X,OUTSIDE FLOODPLAIN,74359,211869,4,58468,1,1,SINGLE FAMILY,1831,33179,-9999,-9999,-9999,-9999,-9999,25.97242513,-80.17709744,4
1,9,1956,12,X,OUTSIDE FLOODPLAIN,97918,161363,3,58468,1,1,SINGLE FAMILY,1353,33179,-9999,-9999,-9999,-9999,-9999,25.97242165,-80.17734046,4
1,8,1956,12,X,OUTSIDE FLOODPLAIN,64367,159335,3,65173,2,1,SINGLE FAMILY,1325,33179,-9999,-9999,-9999,-9999,-9999,25.97241593,-80.17760968,4
1,8,1956,12,X,OUTSIDE FLOODPLAIN,68168,161184,3,65173,1,1,SINGLE FAMILY,1115,33179,-9999,-9999,-9999,-9999,-9999,25.97214563,-80.17760036,4
1,9,1966,12,X,OUTSIDE FLOODPLAIN,61267,156405,3,58468,1,1,SINGLE FAMILY,1439,33179,-9999,-9999,-9999,-9999,-9999,25.97214926,-80.17733326,4
1,9,1956,12,X,OUTSIDE FLOODPLAIN,45710,105568,3,58468,2,1,SINGLE FAMILY,1405,33179,-9999,-9999,-9999,-9999,-9999,25.97215335,-80.17709295,4
1,9,1956,12,X,OUTSIDE FLOODPLAIN,92874,138193,3,58468,1,1,SINGLE FAMILY,1063,33179,-9999,-9999,-9999,-9999,-9999,25.97215715,-80.17688072,4
1,9,1956,12,X,OUTSIDE FLOODPLAIN,84546,187469,3,58468,1,1,SINGLE FAMILY,1613,33179,-9999,-9999,-9999,-9999,-9999,25.97216114,-80.1766584,4
1,9,1956,12,X,OUTSIDE FLOODPLAIN,78013,246354,4,58468,2,1,SINGLE FAMILY,1961,33179,-9999,-9999,-9999,-9999,-9999,25.97216523,-80.17643006,4
1,9,1956,12,X,OUTSIDE FLOODPLAIN,90010,150143,3,58468,1,1,SINGLE FAMILY,1211,33179,-9999,-9999,-9999,-9999,-9999,25.97216921,-80.17620822,4
1,9,1956,12,X,OUTSIDE FLOODPLAIN,63440,116577,3,58468,1,1,SINGLE FAMILY,1063,33179,-9999,-9999,-9999,-9999,-9999,25.97217303,-80.17599489,4
1,9,1956,12,X,OUTSIDE FLOODPLAIN,62840,160459,3,58468,1,1,SINGLE FAMILY,1337,33179,-9999,-9999,-9999,-9999,-9999,25.97217706,-80.17576969,4
1,8,1956,12,X,OUTSIDE FLOODPLAIN,46112,179420,3,66573,1,1,SINGLE FAMILY,1487,33179,-9999,-9999,-9999,-9999,-9999,25.97218234,-80.17551178,4
1,9,1956,12,X,OUTSIDE FLOODPLAIN,69988,148428,3,64803,1,1,SINGLE FAMILY,1115,33179,-9999,-9999,-9999,-9999,-9999,25.97243445,-80.17806134,4
1,9,1961,12,X,OUTSIDE FLOODPLAIN,84812,203980,4,58468,1,1,SINGLE FAMILY,1857,33179,-9999,-9999,-9999,-9999,-9999,25.9722089,-80.17805154,4
1,9,1961,12,X,OUTSIDE FLOODPLAIN,84372,159589,3,58468,1,1,SINGLE FAMILY,1304,33179,-9999,-9999,-9999,-9999,-9999,25.97199362,-80.1780431,4
1,9,1956,12,X,OUTSIDE FLOODPLAIN,64286,186118,3,58468,1,1,SINGLE FAMILY,1304,33179,-9999,-9999,-9999,-9999,-9999,25.97178811,-80.17803504,4
1,9,1956,12,X,OUTSIDE FLOODPLAIN,50778,148993,3,58468,1,1,SINGLE FAMILY,1207,33179,-9999,-9999,-9999,-9999,-9999,25.97158159,-80.17802696,4
1,9,1956,12,X,OUTSIDE FLOODPLAIN,62599,143138,3,58468,1,1,SINGLE FAMILY,1115,33179,-9999,-9999,-9999,-9999,-9999,25.97137834,-80.17801899,4
1,9,1956,12,X,OUTSIDE FLOODPLAIN,32374,197511,3,58468,1,1,SINGLE FAMILY,1840,33179,-9999,-9999,-9999,-9999,-9999,25.97117707,-80.17801111,4
1,9,1956,12,X,OUTSIDE FLOODPLAIN,72949,96690,2,58468,1,1,SINGLE FAMILY,1365,33179,-9999,-9999,-9999,-9999,-9999,25.97096702,-80.17800288,4
1,9,1956,12,X,OUTSIDE FLOODPLAIN,11177,143977,3,58468,1,1,SINGLE FAMILY,1115,33179,-9999,-9999,-9999,-9999,-9999,25.97095916,-80.17829577,4
1,8,1976,12,X,OUTSIDE FLOODPLAIN,33825,156037,3,58468,2,1,SINGLE FAMILY,1219,33179,-9999,-9999,-9999,-9999,-9999,25.97116924,-80.17830307,4
1,9,1956,12,X,OUTSIDE FLOODPLAIN,92716,201657,4,58468,1,1,SINGLE FAMILY,1748,33179,-9999,-9999,-9999,-9999,-9999,25.97137055,-80.17831006,4
1,9,1956,12,X,OUTSIDE FLOODPLAIN,85945,145882,3,58468,2,1,SINGLE FAMILY,1190,33179,-9999,-9999,-9999,-9999,-9999,25.97157381,-80.17831708,4
1,9,1956,12,X,OUTSIDE FLOODPLAIN,64219,138193,3,58468,1,1,SINGLE FAMILY,1063,33179,-9999,-9999,-9999,-9999,-9999,25.97178036,-80.17832426,4
1,8,1956,12,X,OUTSIDE FLOODPLAIN,56350,161467,3,58468,1,1,SINGLE FAMILY,1348,33179,-9999,-9999,-9999,-9999,-9999,25.97198589,-80.17833137,4
1,9,1956,12,X,OUTSIDE FLOODPLAIN,94792,154106,3,58468,1,1,SINGLE FAMILY,1246,33179,-9999,-9999,-9999,-9999,-9999,25.97220117,-80.17833882,4
1,8,1961,12,X,OUTSIDE FLOODPLAIN,93829,199059,3,64803,2,1,SINGLE FAMILY,1553,33179,-9999,-9999,-9999,-9999,-9999,25.9724278,-80.17834559,4
1,9,1957,12,X,OUTSIDE FLOODPLAIN,84500,144541,3,58468,1,1,SINGLE FAMILY,1115,33179,-9999,-9999,-9999,-9999,-9999,25.97232482,-80.18223684,4
1,8,1977,12,X,OUTSIDE FLOODPLAIN,33790,153934,3,58468,1,1,SINGLE FAMILY,1166,33179,-9999,-9999,-9999,-9999,-9999,25.97232955,-80.18200716,4
1,9,1971,12,X,OUTSIDE FLOODPLAIN,91199,194285,3,58468,1,1,SINGLE FAMILY,1522,33179,-9999,-9999,-9999,-9999,-9999,25.97233431,-80.18177632,4
1,9,1957,12,X,OUTSIDE FLOODPLAIN,16990,168838,3,58468,1,1,SINGLE FAMILY,1396,33179,-9999,-9999,-9999,-9999,-9999,25.97233933,-80.18153294,4
1,9,1957,12,X,OUTSIDE FLOODPLAIN,85827,158339,3,58468,1,1,SINGLE FAMILY,1315,33179,-9999,-9999,-9999,-9999,-9999,25.97234423,-80.18129527,4
1,9,1957,12,X,OUTSIDE FLOODPLAIN,63584,158817,3,58468,1,1,SINGLE FAMILY,1115,33179,-9999,-9999,-9999,-9999,-9999,25.97234899,-80.18106429,4
1,9,1957,12,X,OUTSIDE FLOODPLAIN,44267,138193,3,58468,1,1,SINGLE FAMILY,1063,33179,-9999,-9999,-9999,-9999,-9999,25.9723536,-80.18084059,4
1,9,1957,12,X,OUTSIDE FLOODPLAIN,134458,122781,3,58468,1,1,SINGLE FAMILY,1225,33179,-9999,-9999,-9999,-9999,-9999,25.97235806,-80.18062409,4
1,9,1957,12,X,OUTSIDE FLOODPLAIN,42422,165808,3,58468,1,1,SINGLE FAMILY,1407,33179,-9999,-9999,-9999,-9999,-9999,25.97236282,-80.18039349,4
1,8,1957,12,X,OUTSIDE FLOODPLAIN,63373,138193,3,58468,1,1,SINGLE FAMILY,1063,33179,-9999,-9999,-9999,-9999,-9999,25.97236755,-80.18016389,4
1,8,1957,12,X,OUTSIDE FLOODPLAIN,69917,144943,3,58468,1,1,SINGLE FAMILY,1153,33179,-9999,-9999,-9999,-9999,-9999,25.97237198,-80.17994871,4
1,8,1957,12,X,OUTSIDE FLOODPLAIN,25307,159834,3,58468,1,1,SINGLE FAMILY,1344,33179,-9999,-9999,-9999,-9999,-9999,25.97237664,-80.17972245,4
1,9,1957,12,X,OUTSIDE FLOODPLAIN,61347,153013,3,58468,1,1,SINGLE FAMILY,1242,33179,-9999,-9999,-9999,-9999,-9999,25.97238137,-80.17949292,4
1,8,1957,12,X,OUTSIDE FLOODPLAIN,46510,197477,3,58468,1,1,SINGLE FAMILY,1448,33179,-9999,-9999,-9999,-9999,-9999,25.97238577,-80.17927957,4
1,8,1957,12,X,OUTSIDE FLOODPLAIN,41039,176726,3,58468,2,1,SINGLE FAMILY,1509,33179,-9999,-9999,-9999,-9999,-9999,25.97239025,-80.17906196,4
1,8,1957,12,X,OUTSIDE FLOODPLAIN,27950,173541,3,58468,1,1,SINGLE FAMILY,1438,33179,-9999,-9999,-9999,-9999,-9999,25.97239349,-80.17883748,4
1,8,1957,12,X,OUTSIDE FLOODPLAIN,60676,139243,3,58468,1,1,SINGLE FAMILY,1063,33179,-9999,-9999,-9999,-9999,-9999,25.97212785,-80.17883082,4
1,8,1957,12,X,OUTSIDE FLOODPLAIN,26157,163382,3,58468,1,1,SINGLE FAMILY,1393,33179,-9999,-9999,-9999,-9999,-9999,25.97212192,-80.1790548,4
1,8,1957,12,X,OUTSIDE FLOODPLAIN,80969,138193,3,58468,1,1,SINGLE FAMILY,1063,33179,-9999,-9999,-9999,-9999,-9999,25.97211708,-80.1792724,4
1,8,1957,12,X,OUTSIDE FLOODPLAIN,70276,165625,3,58468,1,1,SINGLE FAMILY,1382,33179,-9999,-9999,-9999,-9999,-9999,25.97211233,-80.17948573,4
1,8,1957,12,X,OUTSIDE FLOODPLAIN,32528,138193,3,58468,1,1,SINGLE FAMILY,1063,33179,-9999,-9999,-9999,-9999,-9999,25.97210721,-80.17971526,4
1,8,1957,12,X,OUTSIDE FLOODPLAIN,81405,138193,3,58468,1,1,SINGLE FAMILY,1063,33179,-9999,-9999,-9999,-9999,-9999,25.97210219,-80.17994151,4
1,8,1957,12,X,OUTSIDE FLOODPLAIN,45544,168982,3,58468,1,1,SINGLE FAMILY,1115,33179,-9999,-9999,-9999,-9999,-9999,25.97209739,-80.18015668,4
1,9,1977,12,X,OUTSIDE FLOODPLAIN,68147,193595,3,58468,1,1,SINGLE FAMILY,1410,33179,-9999,-9999,-9999,-9999,-9999,25.97209228,-80.18038627,4
1,9,1957,12,X,OUTSIDE FLOODPLAIN,23859,167001,3,58468,1,1,SINGLE FAMILY,1445,33179,-9999,-9999,-9999,-9999,-9999,25.97208715,-80.18061686,4
1,9,1957,12,X,OUTSIDE FLOODPLAIN,21151,161576,3,58468,1,1,SINGLE FAMILY,1314,33179,-9999,-9999,-9999,-9999,-9999,25.97208234,-80.18083334,4
1,9,1957,12,X,OUTSIDE FLOODPLAIN,8943,147795,3,58468,1,1,SINGLE FAMILY,1175,33179,-9999,-9999,-9999,-9999,-9999,25.97207734,-80.18105704,4
1,9,1967,12,X,OUTSIDE FLOODPLAIN,87228,219294,4,58468,1,1,SINGLE FAMILY,1691,33179,-9999,-9999,-9999,-9999,-9999,25.97207221,-80.181288,4
1,9,1957,12,X,OUTSIDE FLOODPLAIN,62895,139078,3,58468,1,1,SINGLE FAMILY,1063,33179,-9999,-9999,-9999,-9999,-9999,25.9720669,-80.18152567,4
1,9,1995,12,X,OUTSIDE FLOODPLAIN,38472,168574,3,58468,1,1,SINGLE FAMILY,1115,33179,-9999,-9999,-9999,-9999,-9999,25.97206149,-80.18176903,4
1,9,1957,12,X,OUTSIDE FLOODPLAIN,62378,184010,3,58468,1,1,SINGLE FAMILY,1583,33179,-9999,-9999,-9999,-9999,-9999,25.97205635,-80.18199987,4
1,9,1957,12,X,OUTSIDE FLOODPLAIN,82830,138193,3,58468,1,1,SINGLE FAMILY,1063,33179,-9999,-9999,-9999,-9999,-9999,25.97205123,-80.18222953,4
1,9,1957,12,X,OUTSIDE FLOODPLAIN,30926,138193,3,58468,1,1,SINGLE FAMILY,1063,33179,-9999,-9999,-9999,-9999,-9999,25.97162971,-80.18221568,4
1,9,1957,12,X,OUTSIDE FLOODPLAIN,65338,138193,3,58468,1,1,SINGLE FAMILY,1063,33179,-9999,-9999,-9999,-9999,-9999,25.9716348,-80.18198524,4
1,9,1957,12,X,OUTSIDE FLOODPLAIN,53914,161958,3,58468,1,1,SINGLE FAMILY,1374,33179,-9999,-9999,-9999,-9999,-9999,25.97163994,-80.18175286,4
1,9,1957,12,X,OUTSIDE FLOODPLAIN,78920,182019,3,58468,1,1,SINGLE FAMILY,1291,33179,-9999,-9999,-9999,-9999,-9999,25.97164534,-80.18150872,4
1,9,1962,12,X,OUTSIDE FLOODPLAIN,129131,182601,3,58468,1,1,SINGLE FAMILY,1606,33179,-9999,-9999,-9999,-9999,-9999,25.97165058,-80.18127143,4
1,8,1957,12,X,OUTSIDE FLOODPLAIN,91592,138193,3,58468,1,1,SINGLE FAMILY,1063,33179,-9999,-9999,-9999,-9999,-9999,25.97165568,-80.18104083,4
1,8,1957,12,X,OUTSIDE FLOODPLAIN,28896,208130,4,58468,1,1,SINGLE FAMILY,1707,33179,-9999,-9999,-9999,-9999,-9999,25.97166067,-80.18081525,4
1,8,1957,12,X,OUTSIDE FLOODPLAIN,35636,130220,3,58468,1,1,SINGLE FAMILY,1063,33179,-9999,-9999,-9999,-9999,-9999,25.97166552,-80.18059583,4
1,8,1957,12,X,OUTSIDE FLOODPLAIN,41285,138193,3,58468,1,1,SINGLE FAMILY,1063,33179,-9999,-9999,-9999,-9999,-9999,25.97167062,-80.18036491,4
1,8,1957,12,X,OUTSIDE FLOODPLAIN,39950,179472,3,58468,1,1,SINGLE FAMILY,1375,33179,-9999,-9999,-9999,-9999,-9999,25.97167561,-80.18013897,4
1,9,1962,12,X,OUTSIDE FLOODPLAIN,30275,155157,3,58468,1,1,SINGLE FAMILY,1254,33179,-9999,-9999,-9999,-9999,-9999,25.97168027,-80.17992808,4
1,8,1957,12,X,OUTSIDE FLOODPLAIN,62275,158336,3,58468,1,1,SINGLE FAMILY,1308,33179,-9999,-9999,-9999,-9999,-9999,25.97168529,-80.17970108,4
1,8,1957,12,X,OUTSIDE FLOODPLAIN,69581,142093,3,58468,1,1,SINGLE FAMILY,1115,33179,-9999,-9999,-9999,-9999,-9999,25.9716904,-80.17946981,4
1,8,1957,12,X,OUTSIDE FLOODPLAIN,41608,144452,3,58468,1,1,SINGLE FAMILY,1137,33179,-9999,-9999,-9999,-9999,-9999,25.97169516,-80.17925427,4
1,8,1962,12,X,OUTSIDE FLOODPLAIN,9569,146966,3,58468,1,1,SINGLE FAMILY,1472,33179,-9999,-9999,-9999,-9999,-9999,25.97169995,-80.17903767,4
1,8,1957,12,X,OUTSIDE FLOODPLAIN,59754,139183,3,58468,1,1,SINGLE FAMILY,1063,33179,-9999,-9999,-9999,-9999,-9999,25.97170368,-80.17881269,4
1,8,1957,12,X,OUTSIDE FLOODPLAIN,34093,181799,3,58468,1,1,SINGLE FAMILY,1535,33179,-9999,-9999,-9999,-9999,-9999,25.97144036,-80.1788054,4
1,8,1957,12,X,OUTSIDE FLOODPLAIN,74028,149998,3,58468,1,1,SINGLE FAMILY,1183,33179,-9999,-9999,-9999,-9999,-9999,25.97143459,-80.17903011,4
1,8,1957,12,X,OUTSIDE FLOODPLAIN,90446,144636,3,58468,1,1,SINGLE FAMILY,1130,33179,-9999,-9999,-9999,-9999,-9999,25.97142959,-80.1792467,4
1,8,1982,12,X,OUTSIDE FLOODPLAIN,25769,183028,3,58468,1,1,SINGLE FAMILY,1452,33179,-9999,-9999,-9999,-9999,-9999,25.97142462,-80.17946224,4
1,8,1957,12,X,OUTSIDE FLOODPLAIN,61502,170618,3,58468,2,1,SINGLE FAMILY,1518,33179,-9999,-9999,-9999,-9999,-9999,25.97140917,-80.18013138,4
1,8,1957,12,X,OUTSIDE FLOODPLAIN,116132,139222,3,58468,1,1,SINGLE FAMILY,1063,33179,-9999,-9999,-9999,-9999,-9999,25.97140395,-80.18035731,4
1,8,1957,12,X,OUTSIDE FLOODPLAIN,80712,150568,3,58468,1,1,SINGLE FAMILY,1228,33179,-9999,-9999,-9999,-9999,-9999,25.97139862,-80.18058822,4
1,8,1957,12,X,OUTSIDE FLOODPLAIN,92539,138193,3,58468,1,1,SINGLE FAMILY,1063,33179,-9999,-9999,-9999,-9999,-9999,25.97139356,-80.18080763,4
1,8,1957,12,X,OUTSIDE FLOODPLAIN,98528,149335,3,58468,1,1,SINGLE FAMILY,1163,33179,-9999,-9999,-9999,-9999,-9999,25.97138835,-80.18103321,4
1,8,1957,12,X,OUTSIDE FLOODPLAIN,67799,182711,3,58468,1,1,SINGLE FAMILY,1608,33179,-9999,-9999,-9999,-9999,-9999,25.97138302,-80.1812638,4
1,9,1957,12,X,OUTSIDE FLOODPLAIN,47974,142093,3,58468,1,1,SINGLE FAMILY,1115,33179,-9999,-9999,-9999,-9999,-9999,25.97137754,-80.18150109,4
1,9,1957,12,X,OUTSIDE FLOODPLAIN,65531,142093,3,58468,1,1,SINGLE FAMILY,1115,33179,-9999,-9999,-9999,-9999,-9999,25.9713719,-80.18174522,4
1,9,1957,12,X,OUTSIDE FLOODPLAIN,23558,138193,3,58468,1,1,SINGLE FAMILY,1063,33179,-9999,-9999,-9999,-9999,-9999,25.97136654,-80.1819776,4
1,8,1957,12,X,OUTSIDE FLOODPLAIN,30761,143099,3,58468,2,1,SINGLE FAMILY,1175,33179,-9999,-9999,-9999,-9999,-9999,25.97136121,-80.18220802,4
