Asian,Black,CensusID,ClaimDamage,ClaimN,FeatureID,HOUSEHOLDS,Other,Owner,PolicyN,PolicyRate,Renter,White,policycost
0.2,16.6,12086009100,4601028.0264,15.6,0,1881.0,-96.1,704.0,565.272727273,0.3005171330531632,1177.0,80.3,526882.909091
0.0,1.8,12086005701,967029.4800000001,13.8,1,2224.0,-95.7,1165.0,317.545454545,0.14278122956160072,1059.0,94.9,185452.818182
0.3,1.3,12086005901,51829.31046875,2.875,2,1508.0,-95.69999999999999,913.0,38.3636363636,0.025440077164190982,595.0,95.1,21501.8181818
0.6,1.4,12086007701,44542.53795906716,3.42857142857,3,2068.0,-96.3,1632.0,322.454545455,0.1559257956745648,436.0,95.3,145347.909091
1.1,1.1,12086006101,56311.9194,3.3,4,1939.0,-96.7,1574.0,84.3636363636,0.04350883773264569,365.0,95.5,39514.4545455
0.8,1.1,12086008501,17871.092916691316,2.41666666667,5,2070.0,-96.0,1723.0,96.3636363636,0.04655248133507246,347.0,95.1,44234.1818182
2.9,2.4,12086004000,813734.3711104608,10.2941176471,6,1984.0,-96.3,1245.0,1101.63636364,0.5552602639314516,739.0,92.0,2412358.18182
0.7,1.4,12086003906,913030.2723064584,11.3846153846,7,962.0,-96.8,845.0,881.090909091,0.9158949158950104,117.0,95.7,1765440.81818
1.2,2.5,12086003801,155675.9156947249,5.66666666667,8,2625.0,-94.4,1470.0,571.545454545,0.21773160173142855,1155.0,91.7,1789767.81818
4.1,15.7,12086003702,16091.895555601533,1.55555555556,9,2385.0,-90.1,643.0,59.0909090909,0.024776062511907757,1742.0,71.3,418358.636364
1.6,14.6,12086002702,22348.557407326032,1.83333333333,10,1064.0,-85.3,118.0,50.7272727273,0.04767600820234962,946.0,70.1,215071.181818
1.0,20.9,12086002600,33056.19173542149,1.81818181818,11,2274.0,-85.69999999999999,313.0,65.6363636364,0.02886383625171504,1961.0,64.8,193647.818182
0.1,79.3,12086002300,0.0,1.0,12,1619.0,-92.49999999999999,948.0,16.7272727273,0.010331854680234714,671.0,14.1,11507.1818182
0.2,70.8,12086002202,16566.346875,1.25,13,1678.0,-93.3,896.0,27.3636363636,0.016307292230989274,782.0,23.3,23249.0
1.4,38.4,12086002201,1227.46,2.0,14,1155.0,-92.4,353.0,48.7272727273,0.04218811491541125,802.0,53.6,75265.7272727
5.6,14.5,12086002100,190257.2264705,5.0,15,1073.0,-92.80000000000001,642.0,427.0,0.3979496738117428,431.0,73.7,641342.727273
0.4,70.9,12086002004,277.70666666597236,1.33333333333,16,980.0,-92.00000000000001,178.0,7.90909090909,0.008070500927642856,802.0,21.7,9935.81818182
1.9,77.2,12086000215,343400.1254543386,7.54545454545,17,1164.0,-92.80000000000001,516.0,158.636363636,0.13628553576975944,648.0,14.7,115431.272727
1.6,65.8,12086000220,304044.9157023018,7.72727272727,18,1442.0,-92.29999999999998,577.0,186.0,0.1289875173370319,865.0,25.9,119652.818182
3.5,9.7,12086001205,374880.28864195326,7.72222222222,19,1176.0,-93.5,986.0,644.090909091,0.5476963512678571,190.0,81.3,632516.818182
1.9,57.7,12086000219,158452.29427093084,5.41666666667,20,1638.0,-89.2,442.0,333.636363636,0.2036852036849817,1196.0,30.6,235745.545455
0.9,70.3,12086000409,0.0,2.66666666667,21,1244.0,-89.30000000000001,674.0,10.7272727273,0.008623209587861736,570.0,19.1,4410.90909091
1.8,64.3,12086000308,206366.87206328972,7.66666666667,22,1411.0,-92.89999999999999,1208.0,472.454545455,0.3348366728951099,203.0,27.8,409254.818182
1.2,62.7,12086000307,1339.6607999999999,1.2,23,1234.0,-90.5,1043.0,14.0,0.011345218800648298,191.0,27.6,7313.27272727
3.0,4.4,12086009703,972851.8444532617,12.0333333333,24,1163.0,-95.2,1047.0,630.727272727,0.5423278355348238,116.0,88.8,452122.545455
1.2,2.6,12086000122,48727.294,2.2,25,2015.0,-95.89999999999999,1582.0,71.0,0.03523573200992556,433.0,93.1,307253.454545
1.0,2.6,12086012700,86077.26222238803,6.33333333333,26,2052.0,-96.0,1931.0,2230.72727273,1.0870990607846005,121.0,93.4,1068929.09091
1.5,2.5,12086012800,159695.72477499998,8.35,27,2426.0,-95.9,2118.0,1814.36363636,0.74788278497939,308.0,92.9,862079.545455
0.5,2.3,12086012900,40745.994049615896,4.18181818182,28,1333.0,-94.89999999999999,856.0,417.181818182,0.3129646047876969,477.0,93.1,252140.454545
1.7,2.5,12086013000,124351.7688,8.4,29,1300.0,-93.5,1026.0,550.909090909,0.42377622377615387,274.0,90.3,242397.727273
0.7,2.3,12086013100,54491.43673451694,4.28571428571,30,1613.0,-92.4,936.0,115.272727273,0.07146480302107873,677.0,90.4,77440.8181818
0.5,2.1,12086013200,875715.9588467969,16.0666666667,31,1654.0,-93.39999999999999,1301.0,311.454545455,0.188303836429867,353.0,91.8,124228.272727
0.6,2.0,12086013300,29613.2288,3.2,32,1523.0,-94.8,1133.0,128.363636364,0.08428341192646094,390.0,93.2,88462.2727273
0.7,3.8,12086013400,24274.8804166475,5.75,33,1548.0,-91.9,1110.0,221.0,0.14276485788113696,438.0,88.4,165583.909091
0.4,3.4,12086013500,29696.617346940446,3.57142857143,34,1635.0,-91.8,494.0,87.8181818182,0.05371142618850153,1141.0,89.0,62675.6363636
0.6,0.7,12086015400,4006212.315225,25.0,35,1675.0,-96.6,1500.0,1137.09090909,0.6788602442328358,175.0,96.3,491652.090909
0.0,77.8,12086001702,2971.66,1.0,36,840.0,-94.19999999999999,384.0,31.8181818182,0.03787878787880952,456.0,17.4,27464.2727273
0.2,1.6,12086005902,95679.325,3.5,37,1315.0,-95.7,800.0,73.9090909091,0.056204631870038026,515.0,94.9,44090.8181818
0.5,1.5,12086006002,89708.1612,4.2,38,1708.0,-95.7,1349.0,170.181818182,0.09963806685128805,359.0,94.7,87675.2727273
1.3,0.9,12086004701,885134.3040014559,20.2666666667,39,1927.0,-95.0,1505.0,918.363636364,0.47657687408614424,422.0,93.8,611891.0
0.8,2.1,12086000707,101703.98290836468,5.85714285714,40,1958.0,-94.7,1379.0,474.727272727,0.24245519546833505,579.0,92.8,198223.818182
2.9,2.8,12086009010,3626302.1272012675,14.8181818182,41,1570.0,-94.2,1149.0,1413.90909091,0.9005790387961784,421.0,89.5,1228929.72727
0.2,2.4,12086000804,47495.72544364481,3.07692307692,42,1434.0,-95.8,626.0,101.0,0.07043235704323571,808.0,94.2,52987.5454545
1.3,1.2,12086006802,25837546.766551975,30.4285714286,43,1697.0,-96.5,1294.0,439.181818182,0.2587989500188568,403.0,95.0,716605.363636
1.7,2.7,12086006801,1605751.6907686433,6.30769230769,44,1425.0,-93.9,895.0,132.363636364,0.09288676236070176,530.0,90.5,441107.636364
5.3,1.7,12086006713,966737.5316654999,3.5,45,894.0,-95.4,353.0,26.3636363636,0.029489526133780763,541.0,89.4,283634.636364
1.9,1.2,12086006706,6676.2624489591735,1.28571428571,46,1266.0,-93.6,766.0,33.0,0.026066350710900472,500.0,91.5,322575.090909
1.2,0.4,12086004605,1391769.665454,6.0,47,1424.0,-97.1,920.0,157.181818182,0.11038049029634832,504.0,96.5,406392.727273
1.1,0.2,12086004607,5914426.238325162,14.1904761905,48,1436.0,-96.3,1021.0,286.909090909,0.19979741706754875,415.0,96.0,1122941.18182
1.8,1.0,12086004608,2054050.5862500002,9.75,49,681.0,-97.0,387.0,147.727272727,0.21692697904111602,294.0,95.2,400031.727273
1.7,6.5,12086004405,171807.5947450656,3.07142857143,50,1765.0,-90.5,303.0,229.181818182,0.12984805562719548,1462.0,83.3,696734.909091
1.2,3.1,12086004404,20214.04582223617,2.86666666667,51,1436.0,-91.1,371.0,202.636363636,0.14111167384122564,1065.0,87.8,792144.454545
0.7,35.8,12086002502,0.0,1.0,52,1080.0,-87.7,372.0,40.2727272727,0.03728956228953704,708.0,52.2,25410.9090909
0.4,21.4,12086002404,864136.1862239428,8.78571428571,53,2171.0,-86.39999999999999,312.0,267.727272727,0.123319793978351,1859.0,65.6,323203.272727
0.0,12.1,12086002403,533130.720492441,10.2222222222,54,1239.0,-86.1,457.0,352.363636364,0.28439357252945924,782.0,75.0,355318.0
0.5,6.0,12086005102,372031.27304479305,6.29411764706,55,1605.0,-93.2,405.0,241.545454545,0.15049561030841122,1200.0,87.7,392501.0
0.1,3.8,12086005406,4408.8165,1.5,56,1222.0,-87.30000000000001,279.0,37.4545454545,0.030650200862929623,943.0,84.4,64819.1818182
0.3,4.7,12086005104,245773.235,4.0,57,1450.0,-90.3,356.0,126.454545455,0.08721003134827586,1094.0,86.3,207694.909091
0.1,4.3,12086005409,6456.843000000001,1.8,58,1541.0,-88.7,82.0,4.36363636364,0.0028316913456456847,1459.0,85.3,6316.18181818
2.2,12.8,12086002705,808195.9212333643,3.77777777778,59,1440.0,-91.6,479.0,37.6363636364,0.02613636363638889,961.0,77.6,289564.363636
0.1,5.6,12086005303,4584.590625,1.25,60,1349.0,-88.3,111.0,40.4545454545,0.02998854370237213,1238.0,83.6,42408.0
0.0,5.0,12086005304,4719.965625,2.25,61,1744.0,-87.7,147.0,26.3636363636,0.01511676396995413,1597.0,83.7,20503.7272727
0.2,39.0,12086003706,0.0,1.0,62,3.0,-98.2,1.0,7.36363636364,2.454545454546667,2.0,60.0,25860.9090909
2.4,5.7,12086003705,14216.6625,1.875,63,642.0,-90.69999999999999,111.0,27.7272727273,0.04318889832912773,531.0,83.6,252628.727273
3.0,11.1,12086003704,48771.84142027171,2.15384615385,64,788.0,-91.0,110.0,36.0,0.04568527918781726,678.0,77.9,91241.3636364
1.1,16.0,12086003707,1616.25,1.0,65,539.0,-89.5,64.0,6.27272727273,0.011637712936419296,475.0,73.4,110575.181818
2.8,1.5,12086006705,1253087.7398437501,3.875,66,2138.0,-96.3,1207.0,51.4545454545,0.024066672336061738,931.0,93.0,394154.0
5.8,9.9,12086003703,43967.6234375,1.75,67,761.0,-89.4,111.0,24.0909090909,0.03165691076333771,650.0,74.7,365226.090909
1.4,0.6,12086006102,63581.89737600001,2.16,68,2556.0,-95.9,1953.0,178.454545455,0.06981789728286385,603.0,94.9,154282.090909
1.9,1.6,12086008407,540129.9188261146,13.6111111111,69,2559.0,-95.1,2032.0,1165.27272727,0.4553625350801094,527.0,92.6,766095.636364
1.7,2.8,12086007001,6937.3667187500005,1.625,70,3443.0,-92.9,1144.0,21.0909090909,0.006125736012460063,2299.0,89.4,11253.2727273
0.8,2.6,12086006302,37109.2,1.0,71,1862.0,-95.80000000000001,1038.0,26.5454545455,0.014256420271482276,824.0,93.4,13415.0
0.3,2.8,12086006301,3146.37,1.5,72,2671.0,-94.5,924.0,13.6363636364,0.0051053401858479975,1747.0,92.4,9965.09090909
2.2,0.8,12086008602,1463573.470715374,19.2142857143,73,1997.0,-96.3,1750.0,1183.54545455,0.5926617198547821,247.0,94.3,607167.818182
0.2,2.8,12086013700,2639685.9201749996,8.85,74,1841.0,-93.6,877.0,100.818181818,0.054762727766431284,964.0,91.6,106160.090909
0.3,2.2,12086013600,312211.6342856,8.0,75,1916.0,-94.2,1079.0,139.363636364,0.0727367621941545,837.0,92.7,73780.0909091
0.3,2.0,12086000705,50472.65177276596,4.36842105263,76,1929.0,-95.6,792.0,157.454545455,0.08162495876360808,1137.0,94.3,120519.636364
0.1,2.1,12086000706,62498.11420143079,6.23076923077,77,2763.0,-95.5,1064.0,194.272727273,0.07031224295077813,1699.0,94.3,115545.454545
0.5,1.6,12086009311,19336.95710742298,2.81818181818,78,1993.0,-95.8,1396.0,478.181818182,0.23993066642348218,597.0,94.7,237470.090909
2.5,6.1,12086004303,28042.032849999996,2.9,79,1501.0,-88.8,288.0,268.818181818,0.17909272606129248,1213.0,81.2,987386.363636
2.4,3.9,12086004205,412048.09623561334,4.47619047619,80,1655.0,-91.39999999999999,492.0,192.0,0.11601208459214502,1163.0,86.1,1217554.54545
2.0,4.8,12086004204,55414.75296288258,1.83333333333,81,1331.0,-84.8,299.0,223.090909091,0.16761150194665664,1032.0,79.0,853538.545455
2.2,5.1,12086004206,525373.5403878472,5.84210526316,82,1077.0,-92.39999999999999,274.0,184.181818182,0.17101375875766017,803.0,86.1,1140455.54545
1.8,2.9,12086004105,190590.1324260341,3.92307692308,83,1531.0,-95.2,757.0,184.363636364,0.12042040258915741,774.0,91.5,592121.272727
1.9,3.2,12086004304,496181.8063890368,5.16666666667,84,1402.0,-91.69999999999999,615.0,250.363636364,0.1785760601740371,787.0,87.6,852696.363636
3.0,4.3,12086004203,111573.64148437501,2.625,85,2967.0,-91.8,739.0,125.818181818,0.042405858381530166,2228.0,85.5,774456.818182
2.0,2.0,12086004106,571058.6936212436,9.07407407407,86,1465.0,-96.1,963.0,682.727272727,0.466025442134471,502.0,93.1,1647333.0
1.9,4.8,12086004103,162819.78401363656,3.57142857143,87,1781.0,-94.10000000000001,392.0,95.6363636364,0.05369812669084784,1389.0,88.4,721845.818182
1.2,1.8,12086003919,230860.463076,2.0,88,1553.0,-94.9,990.0,57.6363636364,0.037112919276497104,563.0,92.9,595157.909091
1.1,4.4,12086003914,438006.3103701277,3.16666666667,89,2172.0,-92.2,663.0,159.272727273,0.07332998493232043,1509.0,87.7,666769.363636
1.5,2.2,12086003921,130360.3507653881,3.21428571429,90,1413.0,-95.60000000000001,901.0,85.7272727273,0.06067039825003539,512.0,92.9,844261.181818
1.4,1.3,12086003922,115240.9838547588,2.47619047619,91,1068.0,-96.10000000000001,614.0,117.909090909,0.11040177051404494,454.0,94.4,1078125.72727
1.7,3.8,12086006205,14419.2171429,1.0,92,1989.0,-92.4,297.0,60.0909090909,0.030211618446907992,1692.0,87.9,127839.727273
0.9,2.6,12086006201,42266.2575,1.5,93,1231.0,-93.3,480.0,13.7272727273,0.011151318218765232,751.0,90.8,10058.0
2.7,2.0,12086006206,30946.445431971446,1.44444444444,94,1575.0,-95.2,529.0,68.2727272727,0.04334776334774603,1046.0,91.5,117548.0
0.1,3.0,12086005403,8582.43,1.0,95,502.0,-89.8,174.0,1.63636363636,0.0032596885186454184,328.0,87.7,806.909090909
0.5,3.3,12086005407,0.0,1.0,96,875.0,-92.8,292.0,5.27272727273,0.006025974025977143,583.0,90.0,12553.3636364
0.3,3.5,12086005410,0.0,1.5,97,1368.0,-91.6,110.0,3.54545454545,0.0025917065390716376,1258.0,88.8,6786.45454545
1.4,1.7,12086006504,498.33,1.0,98,878.0,-94.19999999999999,509.0,9.63636363636,0.010975357216810935,369.0,92.1,8966.90909091
1.5,1.8,12086006503,658.9450000018827,1.16666666667,99,920.0,-93.89999999999999,543.0,13.3636363636,0.014525691699565217,377.0,91.6,6441.54545455
0.2,1.8,12086006501,2075.3124,1.4,100,1112.0,-92.8,522.0,11.4545454545,0.010300850228866907,590.0,91.8,4475.45454545
2.6,8.8,12086007606,780625.645410398,12.1428571429,101,1872.0,-94.7,1417.0,722.272727273,0.385829448329594,455.0,84.3,495206.181818
2.2,2.9,12086007605,419461.93275555625,6.46666666667,102,1761.0,-95.1,827.0,233.818181818,0.1327757988745031,934.0,91.0,224279.363636
4.0,5.5,12086007704,110183.406875,4.25,103,1895.0,-91.2,743.0,53.4545454545,0.0282082034060686,1152.0,82.7,60498.1818182
7.3,2.2,12086007807,746201.38453125,7.375,104,1615.0,-96.4,1132.0,653.0,0.4043343653250774,483.0,87.9,804222.636364
5.8,5.0,12086007804,1088205.4929742196,9.53333333333,105,3237.0,-91.39999999999999,1353.0,192.545454545,0.059482685988569664,1884.0,81.6,327765.363636
0.2,40.2,12086003601,1287747.7999993223,6.33333333333,106,1453.0,-90.10000000000001,65.0,86.8181818182,0.0597509854220234,1388.0,50.7,165079.545455
0.1,78.2,12086001802,7634.995,2.0,107,1268.0,-92.39999999999999,586.0,196.181818182,0.15471752222555205,682.0,15.1,91720.7272727
1.2,2.8,12086006900,45322.21875,2.875,108,2388.0,-94.0,1333.0,53.9090909091,0.022574996193090453,1055.0,91.0,36426.3636364
3.9,30.1,12086003001,247186.93877561396,5.71428571429,109,987.0,-91.6,239.0,178.909090909,0.18126554296757855,748.0,58.6,302206.090909
0.6,58.5,12086002800,0.0,1.0,110,478.0,-91.2,54.0,27.5454545455,0.05762647394456067,424.0,33.1,52980.9090909
0.4,2.3,12086009309,275784.33125,3.875,111,2341.0,-95.3,1401.0,261.272727273,0.11160731622084578,940.0,93.6,151482.727273
2.0,22.3,12086011401,1072584.61328125,11.75,112,5359.0,-91.39999999999999,2801.0,880.181818182,0.1642436682556447,2558.0,68.1,598498.181818
0.3,6.9,12086011202,1283737.6152054626,17.0909090909,113,2108.0,-83.2,977.0,540.181818182,0.2562532344316888,1131.0,77.0,256937.454545
0.6,1.4,12086005904,1528813.146672,12.0,114,1574.0,-95.4,992.0,46.8181818182,0.029744715259339263,582.0,94.4,19564.1818182
0.9,1.1,12086006001,210061.08727278907,6.18181818182,115,2153.0,-96.2,1739.0,106.272727273,0.049360300637714814,414.0,95.2,40334.1818182
0.4,1.0,12086008902,306430.4903107327,6.93333333333,116,2486.0,-96.80000000000001,1680.0,542.545454545,0.21824032765285598,806.0,96.4,265471.454545
0.4,0.8,12086008901,347596.8036328125,5.8125,117,2163.0,-96.2,1654.0,695.545454545,0.32156516622515025,509.0,96.0,319151.272727
0.4,1.3,12086009019,3923330.819469641,16.6086956522,118,1247.0,-95.0,1076.0,651.363636364,0.522344535977546,171.0,94.3,280578.0
0.9,2.8,12086015600,432474.92390625,12.75,119,1605.0,-93.3,1207.0,859.909090909,0.5357689039931465,398.0,90.6,526553.272727
0.8,2.2,12086005501,0.0,1.0,120,2046.0,-95.0,962.0,15.5454545455,0.007597973873655914,1084.0,93.0,12914.0
1.8,1.9,12086015700,4677186.482,23.0,121,759.0,-96.4,607.0,514.454545455,0.6778057252371542,152.0,93.7,256331.545455
0.5,1.2,12086014600,299216.5075441473,13.3529411765,122,2368.0,-95.3,1681.0,464.909090909,0.1963298525798142,687.0,94.6,300838.0
0.8,2.2,12086009015,13283.10285714,2.0,123,2259.0,-94.0,1243.0,69.6363636364,0.03082619018875609,1016.0,92.0,71518.0909091
0.2,79.9,12086002003,0.0,1.0,124,1106.0,-94.2,247.0,16.9090909091,0.015288508959403256,859.0,15.1,20933.0909091
0.2,84.3,12086002001,3269.33877551387,2.28571428571,125,1355.0,-92.2,241.0,58.0,0.042804428044280446,1114.0,8.7,50064.0
0.1,89.8,12086001904,391.736666667,1.0,126,1415.0,-95.49999999999999,571.0,23.2727272727,0.016447157083180213,844.0,6.6,14103.9090909
0.0,91.0,12086001903,0.0,1.0,127,1039.0,-95.4,248.0,30.0,0.028873917228103944,791.0,5.4,17205.8181818
0.0,90.7,12086001901,19810.1375,2.5,128,1484.0,-95.4,380.0,147.272727273,0.09924038225943395,1104.0,5.7,89905.0909091
0.0,84.4,12086001801,36208.207500000004,1.5,129,1177.0,-93.80000000000001,541.0,26.0,0.022090059473237042,636.0,10.4,10509.7272727
0.3,87.9,12086001502,4742.18612245757,1.14285714286,130,1236.0,-95.7,433.0,79.8181818182,0.06457781700501618,803.0,8.5,44992.5454545
0.1,89.5,12086001501,1053.925,1.0,131,1068.0,-95.5,184.0,45.1818181818,0.042305073203932585,884.0,6.9,24117.2727273
0.4,82.2,12086001402,713.5753061216164,1.85714285714,132,1851.0,-93.60000000000001,211.0,70.7272727273,0.03821030401258779,1640.0,12.0,60214.3636364
0.2,85.5,12086001401,78391.4415625,2.75,133,1577.0,-93.0,388.0,123.090909091,0.07805384216296767,1189.0,8.3,84343.5454545
1.0,22.4,12086011201,506502.7240016131,10.4666666667,134,1801.0,-91.30000000000001,1289.0,845.545454545,0.4694866488312049,512.0,68.9,364462.909091
1.3,31.0,12086010704,1881780.4749609374,18.1875,135,2558.0,-89.6,1589.0,1093.18181818,0.42735802118060984,969.0,58.3,586009.636364
1.7,3.3,12086010300,2463439.8350262856,22.9333333333,136,2674.0,-94.7,2183.0,824.909090909,0.30849255456581903,491.0,90.7,364010.727273
0.5,16.0,12086011003,698319.9584464496,13.1578947368,137,1164.0,-88.6,892.0,423.454545455,0.36379256482388317,272.0,73.1,212916.636364
1.0,7.4,12086003909,7162.0352,1.6,138,965.0,-94.10000000000001,244.0,81.2727272727,0.0842204427696373,721.0,86.7,240666.272727
1.3,1.3,12086003804,175640.70820455847,6.55172413793,139,2609.0,-96.19999999999999,1830.0,903.454545455,0.346283842642775,779.0,94.6,2385116.72727
0.9,2.1,12086003803,109813.12684789638,2.7619047619,140,1319.0,-97.0,826.0,280.727272727,0.21283341374298712,493.0,95.0,1066219.36364
1.0,1.9,12086000130,7593.343333322486,2.33333333333,141,1314.0,-95.30000000000001,786.0,46.7272727273,0.03556109035563166,528.0,93.4,604798.818182
3.5,5.9,12086000128,18264.25537035518,2.83333333333,142,1319.0,-92.60000000000001,829.0,246.545454545,0.1869184644010614,490.0,84.2,650888.909091
0.8,1.3,12086000126,884253.6689279916,4.35714285714,143,1055.0,-94.1,582.0,49.1818181818,0.04661783713914692,473.0,93.0,289130.0
3.3,2.7,12086000118,379743.7067891927,2.77777777778,144,451.0,-94.3,254.0,22.1818181818,0.04918363233215078,197.0,89.3,519110.363636
0.2,19.9,12086011404,138775.8771,6.3,145,1362.0,-87.5,476.0,475.909090909,0.3494193031637298,886.0,68.4,247236.636364
0.5,35.5,12086011403,1517984.9662575456,14.2173913043,146,2013.0,-89.6,970.0,511.363636364,0.2540306191574764,1043.0,54.6,342160.909091
1.7,16.6,12086011007,116754.51520000001,6.4,147,1923.0,-89.5,1230.0,2033.36363636,1.0573913865626625,693.0,72.2,1056720.09091
2.4,43.3,12086010802,1787990.4029644665,16.2307692308,148,2157.0,-90.5,757.0,645.363636364,0.29919500990449693,1400.0,45.8,332816.545455
1.6,47.4,12086010614,205811.91749999998,7.0,149,2058.0,-93.3,1080.0,1455.90909091,0.7074388196841594,978.0,45.3,782802.272727
2.7,2.3,12086007705,35411.245555571026,4.06666666667,150,2076.0,-94.8,1218.0,347.0,0.16714836223506743,858.0,90.8,268114.636364
1.9,1.3,12086007901,124755.44515305097,3.35714285714,151,1425.0,-97.60000000000001,1069.0,254.363636364,0.17850079744842107,356.0,95.4,145715.454545
5.9,6.2,12086019400,252992.50979556923,6.92857142857,152,2374.0,-92.5,1825.0,1489.45454545,0.627402925631845,549.0,81.4,677387.454545
3.5,4.8,12086019200,1106074.9776472552,9.94117647059,153,1762.0,-95.3,1360.0,1476.09090909,0.8377360437514189,402.0,88.0,579968.363636
3.2,4.9,12086008417,2031.752777787397,1.66666666667,154,2630.0,-92.1,1211.0,50.2727272727,0.01911510542688213,1419.0,85.0,59247.3636364
2.9,2.7,12086008416,138448.50617270623,7.77777777778,155,1153.0,-95.39999999999999,740.0,220.363636364,0.1911219742966175,413.0,90.8,112755.727273
2.6,4.2,12086008419,606240.99296875,14.6875,156,2174.0,-94.5,1256.0,715.090909091,0.32892866103541857,918.0,88.7,431185.272727
1.6,19.2,12086020200,12485.550000000001,11.5,157,1175.0,-92.5,699.0,53.6363636364,0.045647969052255315,476.0,72.7,40566.7272727
2.0,8.5,12086020100,4576505.5986863505,24.3529411765,158,1191.0,-92.6,985.0,448.090909091,0.37623082207472713,206.0,83.1,178619.090909
1.9,31.1,12086001302,932062.3508030643,8.04545454545,159,2636.0,-92.2,1264.0,558.363636364,0.21182232032018208,1372.0,60.2,1013879.72727
1.5,42.1,12086001301,907473.947589206,10.3333333333,160,2037.0,-91.1,694.0,556.818181818,0.27335207747569956,1343.0,48.5,907141.0
1.8,17.8,12086001204,1250267.8515839998,8.28,161,2604.0,-93.30000000000001,1547.0,454.0,0.17434715821812596,1057.0,74.7,1105899.72727
0.0,15.7,12086014000,13600.517500005,1.5,162,51.0,-98.2,12.0,109.181818182,2.140819964352941,39.0,83.5,107776.727273
2.0,2.9,12086009043,4570.540625,1.25,163,1075.0,-94.10000000000001,570.0,865.181818182,0.8048202959832559,505.0,90.2,408281.636364
1.2,1.8,12086000133,661490.1004934628,9.22222222222,164,2540.0,-96.4,2005.0,904.272727273,0.3560128847531496,535.0,94.4,852222.636364
3.3,34.9,12086009806,366.4111111125469,1.16666666667,165,1269.0,-92.19999999999999,1010.0,30.8181818182,0.024285407264144996,259.0,55.0,14285.5454545
0.0,42.9,12086980400,625617.176,4.0,166,0.0,-99.0,0.0,58.5454545455,0.0,0.0,57.1,190145.818182
1.7,5.1,12086981000,768.453333334,2.0,167,0.0,-92.2,0.0,42.5454545455,0.0,0.0,86.4,147018.363636
4.4,5.6,12086010193,51152.3829,4.3,168,561.0,-91.5,437.0,641.363636364,1.1432506887058822,124.0,82.5,282540.090909
2.6,12.2,12086010198,719978.1999996001,12.0,169,997.0,-93.3,906.0,514.727272727,0.5162761010300903,91.0,79.5,218798.818182
0.6,24.7,12086011001,190180.20336718103,8.14285714286,170,2907.0,-89.2,748.0,314.090909091,0.10804640835603715,2159.0,64.9,178996.636364
1.1,17.7,12086010900,43812.169135870216,3.77777777778,171,1782.0,-90.2,621.0,52.2727272727,0.029333741454938275,1161.0,72.4,24962.5454545
1.1,29.6,12086010703,738561.411975,14.55,172,2988.0,-91.30000000000001,2140.0,985.363636364,0.32977364001472553,848.0,61.6,464360.272727
0.2,55.4,12086980700,9642.055,1.0,173,48.0,-95.2,0.0,2.81818181818,0.05871212121208333,48.0,40.6,23889.0909091
1.9,13.3,12086010606,1929388.0535966477,16.6842105263,174,2095.0,-92.8,1707.0,1243.18181818,0.5934042091551313,388.0,78.6,879651.545455
2.3,7.2,12086010604,2429651.16125,22.25,175,1642.0,-93.2,1427.0,861.636363636,0.5247480899123022,215.0,84.7,771398.909091
0.9,47.1,12086010500,449461.8311245196,9.15384615385,176,2578.0,-92.7,1383.0,1641.27272727,0.636645743704422,1195.0,45.7,785339.363636
1.0,25.3,12086010400,797434.9592,8.8,177,936.0,-91.6,628.0,287.181818182,0.30681818181837606,308.0,66.3,142290.181818
1.6,21.1,12086010205,91673.50264443985,6.27272727273,178,1422.0,-91.9,993.0,88.8181818182,0.062460043472714485,429.0,70.2,33925.1818182
3.0,10.4,12086010610,19037204.5149,29.7,179,1455.0,-95.9,1080.0,778.636363636,0.5351452671037801,375.0,83.5,811702.818182
2.0,18.4,12086010613,1392402.733507356,14.1333333333,180,2050.0,-92.19999999999999,981.0,1063.18181818,0.5186252771609756,1069.0,72.8,1046257.27273
4.9,8.0,12086008209,1509613.2681,13.3,181,1479.0,-94.4,1391.0,1044.27272727,0.7060667527180526,88.0,82.5,1034111.81818
0.0,0.0,12086980600,46500.0,1.0,182,0.0,1.0,0.0,19.9090909091,0.0,0.0,0.0,49798.0909091
3.0,17.1,12086010612,710301.4467448451,17.6923076923,183,2936.0,-91.9,2299.0,2668.18181818,0.9087812732220708,637.0,72.8,2070796.18182
1.3,26.1,12086010617,159906.30972215318,5.16666666667,184,1629.0,-92.2,632.0,1045.45454545,0.6417768848680172,997.0,65.8,968022.818182
0.8,22.8,12086010609,226733.21481598113,11.6666666667,185,1858.0,-93.0,647.0,512.363636364,0.27576083765554354,1211.0,70.4,367970.909091
3.8,2.3,12086008207,4935861.917526708,16.0666666667,186,1339.0,-95.89999999999999,1263.0,987.090909091,0.7371851449522031,76.0,90.8,1178587.18182
3.0,3.1,12086007103,259941.19,4.0,187,947.0,-94.39999999999999,461.0,64.4545454545,0.06806182202164732,486.0,89.3,170119.909091
2.6,4.5,12086007104,83860.9977778,2.0,188,1563.0,-94.39999999999999,667.0,79.5454545455,0.050892805211452334,896.0,88.3,47776.8181818
1.3,26.8,12086010209,15524918.267559888,29.3157894737,189,1437.0,-92.19999999999999,1093.0,701.0,0.48782185107863607,344.0,65.1,311553.727273
1.8,6.3,12086020000,24844626.754374556,53.9090909091,190,2058.0,-90.8,1830.0,927.090909091,0.45048149129786197,228.0,83.7,371029.454545
1.5,7.7,12086019500,2903588.183809808,21.8421052632,191,2295.0,-93.9,1949.0,1101.0,0.4797385620915033,346.0,85.7,514314.454545
0.0,0.0,12086980200,0.0,1.0,192,0.0,1.0,0.0,8.11111111111,0.0,0.0,0.0,4502.55555556
2.2,5.7,12086018400,108747.22654294883,9.44444444444,193,1344.0,-91.5,746.0,375.090909091,0.27908549783556547,598.0,84.6,167529.272727
2.0,7.8,12086019900,4485131.119275856,29.5555555556,194,2633.0,-88.8,2128.0,1329.72727273,0.5050236508659325,505.0,80.0,532901.636364
0.4,1.3,12086008701,332969.3417744438,12.7692307692,195,1695.0,-95.0,1369.0,418.363636364,0.24682220434454277,326.0,94.3,191261.545455
2.6,2.4,12086017200,195494.69688863406,9.66666666667,196,1115.0,-95.0,974.0,918.454545455,0.8237260497354261,141.0,91.0,373105.363636
1.6,1.3,12086008702,167682.31198327555,9.90909090909,197,1701.0,-96.0,1352.0,326.636363636,0.19202608091475604,349.0,94.1,157836.454545
0.5,1.1,12086015300,599008.5664289,11.5,198,1641.0,-97.19999999999999,1462.0,1113.36363636,0.6784665669469836,179.0,96.6,489846.818182
1.2,1.8,12086009021,3619436.2182,15.9,199,1441.0,-93.5,578.0,331.0,0.22970159611380986,863.0,91.5,183551.454545
2.2,14.8,12086010204,19075589.907246035,33.0588235294,200,1941.0,-92.2,1605.0,551.909090909,0.28434265373982487,336.0,76.2,216372.181818
1.6,12.5,12086010201,548864.1022221444,8.66666666667,201,1153.0,-94.19999999999999,1028.0,306.909090909,0.2661830797129228,125.0,81.1,132006.272727
3.3,14.8,12086019300,220116.2646484375,7.8125,202,2587.0,-91.9,1620.0,389.454545455,0.15054292441244685,967.0,74.8,177775.727273
2.5,4.3,12086019100,350928.8152605728,9.47619047619,203,2124.0,-94.5,1252.0,660.727272727,0.3110768703987759,872.0,88.7,337815.454545
2.4,5.2,12086018900,717408.4210707,17.0,204,2275.0,-94.1,1950.0,1533.81818182,0.6742057942065934,325.0,87.5,701811.363636
1.9,4.2,12086019000,1118867.0437680653,17.380952381,205,1960.0,-93.0,1573.0,849.545454545,0.43344155844132654,387.0,87.9,401139.454545
1.9,6.7,12086019800,288775.9838,7.9,206,2051.0,-92.6,1854.0,125.454545455,0.06116750144076061,197.0,85.0,48762.4545455
2.5,11.4,12086019700,826109.9219708436,12.6470588235,207,1105.0,-92.10000000000001,1014.0,582.0,0.5266968325791855,91.0,79.2,244253.636364
2.6,5.8,12086018800,1840377.8589341203,23.6,208,3152.0,-93.60000000000001,1482.0,1234.81818182,0.3917570373794416,1670.0,86.2,593289.454545
2.6,1.8,12086006707,55129.72444460224,2.66666666667,209,2130.0,-93.9,1112.0,48.8181818182,0.02291933418694836,1018.0,90.5,423400.0
2.9,7.1,12086006709,234053.23111149253,2.66666666667,210,253.0,-94.5,21.0,20.0909090909,0.07941070786916996,232.0,85.5,223951.181818
4.2,3.1,12086006711,704499.1544897286,2.42857142857,211,1685.0,-93.39999999999999,392.0,57.9090909091,0.034367413002433234,1293.0,87.1,476498.454545
2.6,1.7,12086006714,718831.1859375,4.75,212,1048.0,-93.8,513.0,36.1818181818,0.03452463566965649,535.0,90.5,371303.818182
3.5,7.8,12086002703,363152.26653009123,5.28571428571,213,3843.0,-91.39999999999999,1349.0,182.0,0.04735883424408015,2494.0,81.1,950745.454545
2.1,11.3,12086002706,300576.984296875,4.9375,214,1796.0,-84.5,246.0,125.909090909,0.07010528447048998,1550.0,72.1,664107.909091
3.2,4.1,12086004406,382937.70272678183,3.54545454545,215,1869.0,-92.5,450.0,100.909090909,0.05399095286730872,1419.0,86.2,356285.636364
2.5,3.6,12086004301,941174.6475,4.7,216,1616.0,-93.5,725.0,71.8181818182,0.0444419441944307,891.0,88.4,486512.272727
1.2,5.2,12086003915,724464.7488094412,8.17391304348,217,2186.0,-91.30000000000001,785.0,466.636363636,0.21346585710704483,1401.0,85.9,1235762.54545
1.3,5.1,12086003913,34843.69413221269,3.72727272727,218,2168.0,-89.60000000000001,536.0,265.181818182,0.12231633679981549,1632.0,84.2,790481.090909
1.7,7.8,12086003916,219417.07557304864,5.54166666667,219,1708.0,-91.9,562.0,421.363636364,0.2467000212903981,1146.0,83.4,938780.454545
2.3,12.7,12086001206,1177807.1273706942,11.3913043478,220,2156.0,-95.2,1611.0,792.181818182,0.367431270028757,545.0,81.2,1337966.36364
1.4,1.9,12086014300,304305.8214530412,8.70588235294,221,1009.0,-95.1,892.0,323.454545455,0.3205694206689792,117.0,92.8,127040.454545
1.4,1.7,12086015200,51664.24132230121,5.63636363636,222,1903.0,-96.19999999999999,1634.0,987.363636364,0.5188458414944823,269.0,94.1,408572.363636
1.4,3.4,12086016600,246181.74480000001,10.8,223,1129.0,-94.2,934.0,349.727272727,0.30976729205225867,195.0,90.4,139002.545455
0.3,1.8,12086009022,1132635.982007467,10.1538461538,224,583.0,-94.3,429.0,291.0,0.49914236706689535,154.0,93.2,151164.0
1.2,84.3,12086010012,26210.820300000003,4.9,225,1532.0,-94.6,1218.0,648.0,0.42297650130548303,314.0,10.1,361510.090909
2.0,28.0,12086010013,131943.1725206437,7.78947368421,226,1172.0,-90.8,1034.0,854.727272727,0.7292894818489761,138.0,61.8,451553.454545
0.5,19.4,12086010016,86947.59606778808,7.73913043478,227,1293.0,-90.6,1084.0,1030.63636364,0.7970892216860015,209.0,71.7,551314.909091
0.4,3.7,12086010015,120308.46093749999,6.25,228,1162.0,-75.3,907.0,31.2727272727,0.02691284618993115,255.0,72.2,11131.1818182
2.5,6.1,12086018600,8450054.2242,41.2,229,2486.0,-93.1,1686.0,1485.90909091,0.5977108169388576,800.0,85.5,614654.545455
4.5,5.7,12086018700,1936512.885053727,19.8823529412,230,1294.0,-94.3,1121.0,682.272727273,0.5272586764088099,173.0,85.1,279148.636364
2.6,5.1,12086018100,108365.0062584868,8.28571428571,231,1591.0,-93.7,1090.0,303.181818182,0.19056053939786297,501.0,87.0,127388.909091
1.8,3.7,12086017600,19524.22066115661,3.18181818182,232,2048.0,-92.4,1213.0,376.636363636,0.18390447443164062,835.0,87.9,192888.0
3.0,5.2,12086018000,248669.95524674872,9.72222222222,233,2128.0,-93.3,1810.0,1538.72727273,0.7230861244031955,318.0,86.1,669847.909091
1.2,2.0,12086017100,373660.0753460136,14.2105263158,234,2351.0,-94.0,1669.0,799.636363636,0.3401260585435985,682.0,91.8,358491.818182
1.0,2.1,12086017000,225015.17925781247,12.0625,235,1806.0,-94.69999999999999,1254.0,604.545454545,0.33474277660299,552.0,92.6,311896.181818
1.3,3.0,12086017400,26608.62293335412,4.26666666667,236,2283.0,-94.7,1597.0,945.454545455,0.414128140803767,686.0,91.4,389130.181818
2.6,4.7,12086017900,424999.2263634,13.0,237,2507.0,-94.2,2081.0,987.363636364,0.3938426949996011,426.0,87.9,399049.909091
0.5,55.1,12086010010,41398.05714283003,4.28571428571,238,1327.0,-91.4,944.0,518.818181818,0.3909707474137151,383.0,36.8,264192.727273
0.2,45.8,12086010009,29883.496090518365,5.74074074074,239,2204.0,-93.5,1851.0,1126.81818182,0.5112605180671507,353.0,48.5,649390.727273
0.4,57.0,12086010006,33762.253056,4.48,240,2072.0,-93.8,1553.0,549.363636364,0.2651368901370656,519.0,37.4,278878.727273
0.4,22.1,12086010005,28649.125041323365,6.27272727273,241,2158.0,-92.6,1763.0,1306.54545455,0.6054427500231696,395.0,71.1,704921.909091
5.5,6.4,12086003918,249383.67142849998,5.0,242,1352.0,-92.7,408.0,153.0,0.11316568047337278,944.0,81.8,425934.0
0.9,5.2,12086003911,2562.695625,1.5,243,2130.0,-88.89999999999999,649.0,240.818181818,0.11306017925727699,1481.0,83.8,694180.818182
3.3,5.8,12086003917,1794114.498954336,10.8421052632,244,2012.0,-91.19999999999999,827.0,272.818181818,0.1355955178021869,1185.0,83.1,1099560.81818
3.2,5.0,12086000120,571241.1489257812,7.59375,245,1919.0,-93.7,1398.0,806.181818182,0.4201051684116728,521.0,86.5,1702367.81818
1.5,41.6,12086000124,152687.97416682736,3.16666666667,246,1096.0,-90.1,495.0,103.0,0.09397810218978102,601.0,48.0,222884.909091
1.0,77.7,12086000218,85927.32049397407,3.55555555556,247,942.0,-94.0,553.0,56.8181818182,0.060316541208280255,389.0,16.3,40764.9090909
4.7,30.2,12086000214,18642.184897962663,3.14285714286,248,2159.0,-91.9,1159.0,207.454545455,0.09608825634784622,1000.0,58.0,162199.0
1.6,57.3,12086000212,51354.31311095997,2.33333333333,249,1664.0,-91.1,257.0,85.8181818182,0.051573426573437504,1407.0,33.2,87848.9090909
1.9,3.2,12086000127,10933.350308647636,2.77777777778,250,1676.0,-95.0,1166.0,337.090909091,0.20112822738126493,510.0,90.9,921495.090909
1.5,4.1,12086000125,117989.865,3.0,251,1919.0,-94.6,905.0,49.0909090909,0.025581505518968213,1014.0,90.0,284030.636364
0.9,1.7,12086000123,358158.5380152521,5.95652173913,252,1831.0,-95.39999999999999,1255.0,271.454545455,0.1482548036346259,576.0,93.8,900540.818182
1.9,5.3,12086000140,8542.7081481529,1.77777777778,253,1398.0,-90.60000000000001,308.0,37.8181818182,0.027051632201859802,1090.0,84.4,133831.909091
0.7,3.8,12086017500,63750.135466859996,5.8,254,1311.0,-92.1,549.0,324.0,0.2471395881006865,762.0,88.6,174669.181818
0.8,4.1,12086017800,17465.097222225875,3.66666666667,255,1956.0,-91.80000000000001,703.0,109.454545455,0.05595835657208589,1253.0,87.9,123095.272727
1.1,1.6,12086016700,446165.05101562495,15.0625,256,1382.0,-95.4,1186.0,567.363636364,0.41053808709406653,196.0,93.7,216812.454545
0.7,1.4,12086014900,327477.9520406394,12.7142857143,257,1622.0,-96.3,1345.0,1025.90909091,0.6324963569112207,277.0,95.2,415728.272727
1.3,1.7,12086014700,218236.5659899125,9.875,258,2395.0,-95.6,1507.0,926.181818182,0.3867147466313153,888.0,93.6,470056.0
0.3,2.0,12086014800,136930.589999775,6.75,259,1793.0,-93.5,1240.0,308.272727273,0.17193124778192972,553.0,92.2,150783.545455
0.1,53.8,12086014100,0.0,1.0,260,0.0,-97.0,0.0,21.5454545455,0.0,0.0,44.1,13349.1818182
1.5,1.8,12086004703,1625275.5837209728,17.3571428571,261,1789.0,-95.2,867.0,615.272727273,0.34391991462996085,922.0,92.9,520564.090909
1.1,2.4,12086004702,706589.0394577665,11.4285714286,262,2243.0,-94.8,1259.0,362.181818182,0.16147205447258134,984.0,92.3,219098.909091
1.1,1.2,12086007702,109810.8817767147,3.73913043478,263,2224.0,-95.5,1763.0,444.545454545,0.19988554610836332,461.0,94.2,287412.727273
0.4,3.2,12086013800,30349.471280238697,4.11764705882,264,2063.0,-92.3,982.0,264.454545455,0.12818930947891422,1081.0,89.7,167174.090909
1.4,1.2,12086008803,1163096.289474,15.0,265,2163.0,-96.89999999999999,1559.0,202.090909091,0.09343084100369856,604.0,95.3,91329.4545455
0.0,61.8,12086001701,39607.44180554465,1.83333333333,266,1376.0,-93.8,701.0,170.0,0.12354651162790697,675.0,33.0,185583.090909
2.1,53.9,12086001203,1290629.1100001,13.0,267,2803.0,-90.8,933.0,549.090909091,0.19589400966500176,1870.0,35.8,593671.272727
2.4,22.8,12086001104,14399.061834303926,3.61538461538,268,1720.0,-91.10000000000001,1376.0,162.454545455,0.09445031712499999,344.0,66.9,91063.6363636
0.9,59.9,12086001103,1022.1525,1.0,269,1280.0,-90.19999999999999,784.0,29.0909090909,0.022727272727265622,496.0,30.4,12483.1818182
1.5,58.9,12086001102,4384.51,2.0,270,1177.0,-92.8,956.0,29.4545454545,0.025025102340271877,221.0,33.4,12239.6363636
2.0,61.7,12086001101,85251.47058828644,5.88235294118,271,1443.0,-92.6,943.0,299.454545455,0.20752220752252254,500.0,29.9,264191.363636
0.5,67.8,12086001006,471612.08927066263,9.20833333333,272,1451.0,-89.0,766.0,255.909090909,0.17636739552653344,685.0,21.7,209783.909091
0.5,84.9,12086001005,68849.714166825,4.75,273,829.0,-95.5,283.0,133.272727273,0.16076324158383593,546.0,11.1,91256.2727273
0.2,77.7,12086001004,15832.05714286,2.0,274,1742.0,-91.60000000000001,607.0,128.0,0.07347876004592423,1135.0,14.7,99396.6363636
0.2,72.9,12086001003,36938.556210937495,3.0625,275,1847.0,-92.80000000000001,1026.0,399.909090909,0.2165181867401191,821.0,20.7,205960.454545
0.1,78.0,12086001002,42142.4699,4.6,276,2058.0,-93.0,1178.0,359.727272727,0.1747945931618076,880.0,15.9,209449.090909
3.1,60.2,12086009807,2454.323061223367,1.85714285714,277,2585.0,-93.5,1676.0,142.636363636,0.05517847722862669,909.0,31.2,83634.6363636
0.9,2.2,12086013900,88657.50235512141,5.72727272727,278,1311.0,-94.5,1035.0,257.909090909,0.1967269953539283,276.0,92.4,108885.090909
3.7,1.9,12086009036,8761.518518534785,2.77777777778,279,2537.0,-94.39999999999999,1620.0,533.363636364,0.2102339914718171,917.0,89.8,245281.909091
0.8,86.5,12086009906,19549.824375,3.5625,280,1544.0,-94.89999999999999,1263.0,260.090909091,0.1684526613283679,281.0,8.6,133994.363636
0.3,86.8,12086000414,118232.038125,4.5,281,1707.0,-95.1,574.0,154.090909091,0.09027001118394844,1133.0,9.0,163293.727273
0.6,78.9,12086000413,26425.461989782227,3.78571428571,282,1314.0,-92.0,930.0,188.727272727,0.14362806143607307,384.0,13.5,183859.909091
0.8,89.1,12086009504,6922.058888886779,2.33333333333,283,1341.0,-95.1,1190.0,54.3636363636,0.04053962443221477,151.0,6.2,32228.2727273
0.2,88.8,12086009503,65654.24432114973,4.05555555556,284,1333.0,-95.1,975.0,374.0,0.2805701425356339,358.0,7.1,280164.909091
0.1,83.6,12086010011,461.1674074085765,1.77777777778,285,2116.0,-93.6,865.0,116.181818182,0.05490634129584121,1251.0,10.9,62104.6363636
3.7,6.5,12086018300,194808.34293324937,7.73333333333,286,1538.0,-92.8,1062.0,439.636363636,0.28584939118075425,476.0,83.6,193385.181818
3.6,9.3,12086018500,151100.539910286,10.9333333333,287,1591.0,-93.4,681.0,233.636363636,0.14684875149968574,910.0,81.5,106156.909091
1.2,3.6,12086017700,0.0,2.25,288,1475.0,-90.89999999999999,839.0,88.2727272727,0.059845916795050844,636.0,87.1,62733.0909091
1.0,26.3,12086010801,245228.82221567514,8.57894736842,289,1624.0,-89.1,1004.0,569.363636364,0.35059337214532016,620.0,62.8,252115.181818
1.3,13.7,12086011005,615085.9887499999,13.7,290,1552.0,-93.3,1159.0,776.909090909,0.5005857544516753,393.0,79.3,326174.818182
2.3,20.5,12086011009,108483.85390624999,5.125,291,1491.0,-87.89999999999999,749.0,710.818181818,0.4767392232179745,742.0,66.1,359114.636364
1.8,12.5,12086010608,240048.0231640625,7.0625,292,1647.0,-92.89999999999999,1248.0,363.454545455,0.22067671248026716,399.0,79.6,181286.454545
0.1,77.3,12086010001,147201.19880875284,7.08695652174,293,1812.0,-94.5,1398.0,1129.81818182,0.6235199678918323,414.0,18.1,695774.636364
0.1,88.9,12086009904,77500.86877500001,4.65,294,1115.0,-93.9,359.0,407.818181818,0.36575621687713006,756.0,5.9,396984.636364
0.2,93.6,12086009903,35106.23782006826,4.05882352941,295,1480.0,-97.1,1301.0,305.0,0.20608108108108109,179.0,4.3,171862.727273
1.6,82.2,12086009901,48209.13828495369,4.40909090909,296,3219.0,-93.1,1446.0,885.909090909,0.2752125165917987,1773.0,10.3,595773.454545
0.9,77.9,12086009600,502119.6739453125,6.1875,297,2442.0,-93.10000000000001,901.0,243.363636364,0.09965750874856676,1541.0,15.3,179592.545455
0.6,85.8,12086009501,1314.8643749999999,1.375,298,1771.0,-94.1,802.0,14.5454545455,0.008213130742800678,969.0,8.7,6695.09090909
0.0,74.9,12086009400,133825.34755574746,7.53333333333,299,1736.0,-93.60000000000001,1352.0,679.363636364,0.39133850020967736,384.0,19.7,368399.909091
0.3,2.8,12086009308,0.0,1.0,300,2237.0,-92.69999999999999,866.0,143.0,0.06392489941886455,1371.0,90.6,84420.5454545
0.2,3.7,12086009307,56370.775008,5.16,301,2210.0,-94.7,884.0,250.272727273,0.1132455779515837,1326.0,91.8,150003.636364
1.1,1.3,12086000129,257029.52799999996,2.8,302,1102.0,-97.0,975.0,95.5454545455,0.08670186437885662,127.0,95.6,408178.454545
5.1,3.1,12086016500,88959.12150000001,8.5,303,2097.0,-94.9,1769.0,831.363636364,0.39645380847114925,328.0,87.7,344323.181818
4.1,11.1,12086019600,248431.60591832528,7.28571428571,304,1487.0,-93.60000000000001,1369.0,1204.90909091,0.8102952864223268,118.0,79.4,533014.636364
0.6,14.3,12086011101,4039678.6624949994,15.0,305,2693.0,-83.30000000000001,547.0,253.545454545,0.094149816021166,2146.0,69.4,187941.0
1.5,8.2,12086011102,169121.10495902898,7.36363636364,306,1996.0,-94.60000000000001,1664.0,493.454545455,0.24722171615981964,332.0,85.9,244677.0
0.9,41.3,12086010207,517422.11078125,5.375,307,1480.0,-93.4,204.0,185.0,0.125,1276.0,52.2,105146.818182
0.2,86.2,12086008309,166427.79875,5.75,308,1342.0,-95.7,543.0,28.5454545455,0.021270830510804768,799.0,10.3,28665.2727273
1.8,41.7,12086008308,18673.48125,5.0,309,1625.0,-91.7,1131.0,42.9090909091,0.026405594405600002,494.0,49.2,15904.4545455
0.5,90.5,12086009905,176.856,1.6,310,1426.0,-95.9,1274.0,28.2727272727,0.01982659696542777,152.0,5.9,14295.9090909
0.1,5.8,12086000807,55907.50000005885,3.16666666667,311,1505.0,-93.5,146.0,86.7272727273,0.05762609483541529,1359.0,88.6,58197.1818182
0.5,28.3,12086002501,10131.521874999999,2.125,312,1530.0,-82.2,528.0,122.818181818,0.0802733214496732,1002.0,54.4,87886.6363636
2.1,8.1,12086004403,109984.35605467143,3.14285714286,313,1714.0,-88.8,454.0,273.545454545,0.15959478094807467,1260.0,79.6,1081411.27273
0.5,3.2,12086005405,3561.575,1.0,314,1226.0,-89.7,380.0,9.0,0.00734094616639478,846.0,87.0,7226.09090909
1.1,3.7,12086005103,19580.56,2.0,315,900.0,-92.5,213.0,22.8181818182,0.025353535353555556,687.0,88.7,31209.0909091
0.6,47.7,12086007101,0.0,1.0,316,1069.0,-92.7,352.0,33.3636363636,0.03121013691637044,717.0,45.4,14526.0
3.5,3.5,12086008418,1895734.7759963544,17.3333333333,317,1120.0,-95.5,602.0,509.454545455,0.4548701298705357,518.0,89.5,265202.090909
0.7,1.8,12086008805,505135.39439999993,5.6,318,1571.0,-96.1,691.0,149.909090909,0.09542271859261618,880.0,94.6,69344.8181818
1.9,4.0,12086017300,51869.740059233656,6.38461538462,319,1480.0,-91.60000000000001,948.0,328.090909091,0.22168304668310812,532.0,86.7,141355.818182
3.7,1.8,12086007503,0.0,1.0,320,394.0,-96.3,276.0,23.3636363636,0.059298569450761424,118.0,91.8,14706.1818182
0.3,0.9,12086014500,7750575.0162901785,30.9473684211,321,1290.0,-97.0,1144.0,677.818181818,0.5254404510217054,146.0,96.8,296651.545455
0.6,3.5,12086490100,131392.71111139905,6.66666666667,322,541.0,-95.8,261.0,190.727272727,0.3525457906229205,280.0,92.7,237708.545455
0.3,9.1,12086001703,659199.3408619587,7.19047619048,323,1712.0,-88.9,536.0,350.0,0.2044392523364486,1176.0,80.5,561418.545455
2.8,2.3,12086009014,157690.49519999998,2.8,324,1428.0,-92.89999999999999,874.0,278.272727273,0.1948688566337535,554.0,88.8,178047.181818
0.8,1.5,12086009017,288447.6408283162,6.38461538462,325,1791.0,-92.6,1328.0,125.272727273,0.06994568803629257,463.0,91.3,92995.3636364
0.7,8.4,12086003003,330749.98958651524,5.72727272727,326,2203.0,-88.0,521.0,312.909090909,0.14203771716250566,1682.0,79.9,555886.181818
1.7,4.6,12086006602,45484.54653069849,1.57142857143,327,2817.0,-88.5,454.0,55.7272727273,0.019782489431061413,2363.0,83.2,192940.818182
0.7,2.9,12086005703,2339231.290590274,5.46153846154,328,2954.0,-94.39999999999999,1006.0,91.1818181818,0.030867237028368313,1948.0,91.8,215571.636364
0.2,2.8,12086005704,206010.60586412027,5.38888888889,329,2845.0,-94.9,798.0,117.545454545,0.04131650423374341,2047.0,92.9,118230.272727
0.2,3.2,12086005001,1624780.9222149325,12.8095238095,330,2076.0,-94.10000000000001,1209.0,876.454545455,0.42218427045038537,867.0,91.7,1047028.72727
0.4,3.1,12086005002,290170.2198980667,6.78571428571,331,1817.0,-93.5,686.0,308.363636364,0.16971031170280682,1131.0,91.0,333990.181818
0.5,2.5,12086004902,34425.81770827826,2.08333333333,332,2267.0,-95.5,854.0,133.090909091,0.05870794401896779,1413.0,93.5,99711.9090909
0.3,28.0,12086000902,57542.93125000001,3.5,333,1893.0,-89.8,1258.0,569.090909091,0.3006291120396196,635.0,62.5,255656.636364
0.2,14.6,12086000901,4154.07636364,2.0,334,2174.0,-90.89999999999999,1588.0,570.818181818,0.26256586100183993,586.0,77.1,229849.454545
0.2,1.7,12086000605,33012.759183686874,2.14285714286,335,1257.0,-96.30000000000001,917.0,382.727272727,0.30447674839061256,340.0,95.4,182037.727273
0.4,2.2,12086000604,31505.264305578163,3.16666666667,336,1788.0,-96.1,1162.0,460.090909091,0.25732153752293063,626.0,94.5,235843.818182
0.1,1.4,12086000603,4799.8944,1.8,337,1543.0,-96.3,1044.0,339.181818182,0.21981971366299416,499.0,95.8,162165.909091
0.1,1.4,12086000602,31075.85454545,5.0,338,1462.0,-95.6,1126.0,399.0,0.27291381668946646,336.0,95.1,201333.272727
0.1,1.7,12086000601,1431.9355102081513,1.71428571429,339,1466.0,-95.89999999999999,1102.0,174.636363636,0.11912439538608459,364.0,95.1,70424.2727273
0.3,63.9,12086000503,567541.82875,6.5,340,2204.0,-91.89999999999999,616.0,257.909090909,0.11701864378811251,1588.0,28.7,245796.181818
0.7,60.1,12086000501,3445.375,1.25,341,1880.0,-93.0,1105.0,54.6363636364,0.029061895551276595,775.0,33.2,61191.2727273
0.3,51.6,12086000504,166964.91000000003,5.0,342,1336.0,-91.1,771.0,29.6363636364,0.022182906913473053,565.0,40.2,15980.3636364
0.2,4.3,12086000505,19036.145680442307,5.07692307692,343,1764.0,-94.4,877.0,315.363636364,0.17877757163492064,887.0,90.9,291420.909091
0.1,59.9,12086000412,521560.9091111198,7.73913043478,344,2148.0,-92.4,1091.0,192.636363636,0.08968173353631285,1057.0,33.4,122434.454545
0.9,71.4,12086000410,97.92375,1.5,345,1082.0,-93.20000000000002,844.0,11.4545454545,0.010586456057763401,238.0,21.9,7658.54545455
0.4,79.0,12086000411,20759.71530615625,2.14285714286,346,1607.0,-92.60000000000001,585.0,37.2727272727,0.023193980879091476,1022.0,14.2,32090.8181818
0.0,3.7,12086000608,222901.76071404997,5.5,347,2292.0,-95.4,711.0,331.727272727,0.1447326669838569,1581.0,92.7,183994.818182
0.2,4.0,12086000806,858453.7603309948,9.09090909091,348,1632.0,-94.0,339.0,193.090909091,0.11831550802144607,1293.0,90.8,169778.818182
0.0,2.1,12086000607,563598.4322486635,6.69230769231,349,1486.0,-95.89999999999999,998.0,426.909090909,0.2872874097637954,488.0,94.8,207215.818182
1.5,1.4,12086009305,34583.824793372776,4.72727272727,350,1895.0,-96.0,1532.0,949.909090909,0.501271288078628,363.0,94.1,473033.727273
0.1,0.8,12086009200,161.6277777781566,1.66666666667,351,997.0,-95.5,860.0,106.363636364,0.10668368742627883,137.0,95.6,42159.1818182
0.8,1.4,12086008601,198749.55308643886,7.22222222222,352,1463.0,-95.8,1201.0,91.0909090909,0.06226309575591251,262.0,94.6,52913.2727273
2.3,2.7,12086008415,310409.4270587367,8.41176470588,353,1649.0,-96.2,1584.0,565.545454545,0.3429626771043056,65.0,92.2,343175.363636
2.5,7.5,12086008414,713920.8512321769,11.9444444444,354,2329.0,-93.5,2075.0,614.636363636,0.263905694991842,254.0,84.5,332136.454545
2.2,5.2,12086008412,27537.870099999996,2.3,355,2548.0,-94.0,926.0,112.818181818,0.044277151419937204,1622.0,87.6,54935.5454545
2.6,3.6,12086008410,244613.20079244106,11.0952380952,356,2247.0,-94.3,1806.0,433.181818182,0.19278229558611482,441.0,89.1,206638.363636
4.1,6.2,12086008409,847589.2803622793,13.5238095238,357,1898.0,-94.5,1482.0,577.727272727,0.30438739342834564,416.0,85.2,397652.181818
2.7,2.9,12086008405,358547.01430567715,8.08333333333,358,2242.0,-95.69999999999999,1750.0,572.545454545,0.2553726380664585,492.0,91.1,295991.636364
2.9,48.0,12086008307,40249.653333357004,7.55555555556,359,1794.0,-91.69999999999999,1499.0,100.636363636,0.05609607783500557,295.0,41.8,40351.2727273
1.3,32.2,12086010210,6134786.426036916,20.6111111111,360,1881.0,-91.1,1057.0,745.636363636,0.3964042337246146,824.0,58.6,298467.272727
1.9,34.1,12086010208,83762.988889,5.0,361,1550.0,-90.9,562.0,115.272727273,0.07436950146645162,988.0,55.9,63475.7272727
0.8,12.3,12086020300,490838.456874675,9.75,362,973.0,-93.4,791.0,164.727272727,0.1692983275714286,182.0,81.3,61912.9090909
4.2,2.1,12086008205,9859662.173268659,18.0666666667,363,1352.0,-96.39999999999999,1263.0,894.090909091,0.6613098440022189,89.0,91.1,1097823.18182
4.3,3.7,12086008206,318712.6934627807,7.26315789474,364,1465.0,-94.9,1225.0,788.636363636,0.5383183369529011,240.0,87.9,900841.818182
5.2,1.6,12086008102,287360.6587196751,6.05882352941,365,1581.0,-95.5,1348.0,743.272727273,0.47012822724414927,233.0,89.7,773087.272727
3.2,1.8,12086008101,841621.3442582727,10.0769230769,366,1177.0,-97.1,1114.0,705.909090909,0.5997528384953271,63.0,93.1,885047.272727
2.8,2.1,12086007805,142912.45469365432,6.64285714286,367,1798.0,-95.60000000000001,1457.0,443.0,0.246384872080089,341.0,91.7,289170.181818
2.6,1.3,12086007806,642662.9474609374,6.0625,368,1230.0,-96.9,1161.0,401.0,0.3260162601626016,69.0,94.0,264579.545455
1.1,5.0,12086004901,645145.0351042016,4.57142857143,369,1279.0,-93.19999999999999,145.0,70.6363636364,0.05522780581422987,1134.0,88.1,190677.363636
1.3,1.7,12086007902,130094.3978515625,4.5625,370,1222.0,-95.2,963.0,387.545454545,0.31714030650163666,259.0,93.2,237150.454545
1.7,3.5,12086000107,40479.422343750004,4.875,371,1210.0,-94.9,505.0,133.818181818,0.11059353869256199,705.0,90.7,349874.0
4.8,5.7,12086008202,1386171.2219999998,10.6,372,1502.0,-95.5,1150.0,777.909090909,0.5179155065972038,352.0,86.0,829435.909091
4.7,14.7,12086008208,466092.52923563763,10.2142857143,373,1397.0,-90.80000000000001,887.0,476.909090909,0.34138088110880455,510.0,72.4,598886.181818
1.6,0.2,12086007801,90331.06145821679,2.58333333333,374,266.0,-97.39999999999999,253.0,161.0,0.6052631578947368,13.0,96.6,138710.090909
1.0,1.8,12086014400,411840.03383384156,10.380952381,375,1285.0,-93.5,1034.0,462.181818182,0.3596745666785992,251.0,91.7,214448.272727
0.9,0.7,12086015000,1009130.988148092,19.1739130435,376,2506.0,-96.69999999999999,2232.0,2002.18181818,0.7989552347086991,274.0,96.1,834187.818182
1.5,2.5,12086016200,172170.1615737293,9.16666666667,377,1162.0,-94.9,939.0,478.181818182,0.41151619464888123,223.0,91.9,227294.0
1.0,2.0,12086016000,115364.27669707601,8.94444444444,378,1538.0,-95.6,1166.0,826.090909091,0.5371202269772432,372.0,93.6,324753.727273
0.1,7.3,12086000711,1686259.3280052,15.6,379,1824.0,-95.10000000000001,725.0,578.818181818,0.31733452950548247,1099.0,88.7,400778.727273
0.2,2.0,12086000805,65332.33999985,3.5,380,1685.0,-95.5,1057.0,262.545454545,0.15581332613946586,628.0,94.3,141299.545455
0.4,1.6,12086001603,94.6666666666,2.0,381,1030.0,-95.4,662.0,187.818181818,0.18234774933786407,368.0,94.4,89511.4545455
0.1,3.4,12086001606,1295.14375,1.25,382,1536.0,-92.6,360.0,30.0,0.01953125,1176.0,90.1,36481.6363636
0.2,1.5,12086008804,53896.59423631155,4.91666666667,383,2344.0,-96.60000000000001,1693.0,79.1818181818,0.03378063915605802,651.0,95.9,48947.1818182
0.8,1.7,12086005802,306428.0744,5.6,384,3240.0,-95.7,1767.0,86.0909090909,0.0265712682379321,1473.0,94.2,45453.3636364
0.4,1.8,12086005801,9569.11805554719,2.08333333333,385,2333.0,-95.9,1369.0,26.5454545455,0.011378248840762967,964.0,94.7,17010.0
0.8,1.5,12086009306,69549.39813356,6.8,386,2352.0,-95.8,1583.0,697.363636364,0.296498144712585,769.0,94.5,302891.727273
0.9,2.5,12086005502,2795.3799999999997,1.75,387,2528.0,-94.0,870.0,54.1818181818,0.021432681242800632,1658.0,91.6,30829.0909091
0.9,2.3,12086006401,13855.138888911044,1.66666666667,388,1298.0,-93.10000000000001,430.0,9.90909090909,0.0076341224261094,868.0,90.9,7945.72727273
0.1,5.3,12086005201,170936.8481635554,3.14285714286,389,2054.0,-84.5,187.0,89.6363636364,0.04363990439941578,1867.0,80.1,204607.181818
1.9,1.7,12086008502,146878.92,5.4,390,1548.0,-95.8,1196.0,185.181818182,0.11962649753359174,352.0,93.2,82263.4545455
0.8,3.7,12086006402,9798.6975,1.5,391,1252.0,-91.9,462.0,7.81818181818,0.0062445541678754,790.0,88.4,3051.54545455
0.3,7.5,12086003602,99328.54,4.0,392,3136.0,-87.0,445.0,212.545454545,0.06777597402582909,2691.0,80.2,437394.818182
0.1,5.4,12086005202,124548.74975210654,2.90909090909,393,1953.0,-85.1,155.0,166.909090909,0.08546292417255505,1798.0,80.6,283377.909091
0.3,5.4,12086005302,88785.3339671735,2.45454545455,394,3095.0,-85.2,289.0,136.181818182,0.044000587457835215,2806.0,80.5,283454.181818
0.5,1.3,12086005600,0.0,1.0,395,1748.0,-95.7,983.0,33.5454545455,0.019190763469965674,765.0,94.9,18571.7272727
0.1,12.9,12086002402,22019.635041334714,3.27272727273,396,1675.0,-87.6,427.0,345.090909091,0.20602442333791046,1248.0,75.6,540201.727273
1.7,4.8,12086011500,3493295.09765625,23.4375,397,1979.0,-95.1,1601.0,1213.45454545,0.6131655105861546,378.0,89.6,608496.636364
0.1,71.3,12086000408,1044509.4504869655,13.3529411765,398,1782.0,-92.89999999999999,724.0,201.454545455,0.11304968880751963,1058.0,22.5,128471.818182
0.7,76.3,12086000405,4360.568888882432,1.33333333333,399,1163.0,-92.5,1011.0,12.7272727273,0.01094348471822872,152.0,16.5,9063.0
0.2,75.6,12086000404,24131.533593750002,3.75,400,1920.0,-92.0,1213.0,129.727272727,0.06756628787864584,707.0,17.2,69518.3636364
0.1,86.4,12086000403,42535.650415471646,4.73684210526,401,2219.0,-95.8,1020.0,255.636363636,0.11520340857863903,1199.0,10.3,209851.909091
3.7,36.5,12086008306,5262096.972782103,16.6153846154,402,2200.0,-91.30000000000001,1709.0,215.0,0.09772727272727273,491.0,52.1,118336.727273
3.6,9.3,12086008305,1033657.4762744256,11.7857142857,403,1810.0,-94.80000000000001,1284.0,527.636363636,0.2915118031138122,526.0,82.9,284206.181818
0.3,79.3,12086008304,1244452.5220730542,20.2307692308,404,2402.0,-94.8,1877.0,484.272727273,0.20161229278642798,525.0,16.2,274786.818182
1.3,1.1,12086008000,67491693.2160692,52.1818181818,405,2077.0,-97.10000000000001,1699.0,1296.72727273,0.624327045127588,378.0,95.7,2217076.27273
7.0,3.0,12086007604,153836.10203726238,5.88888888889,406,2590.0,-94.9,1242.0,520.181818182,0.20084240084247104,1348.0,85.9,520332.727273
3.8,42.3,12086007603,8922.98703705118,1.66666666667,407,1679.0,-94.8,552.0,77.6363636364,0.046239644810244195,1127.0,49.7,54456.7272727
1.6,1.2,12086007601,22223.90625,1.75,408,935.0,-95.39999999999999,736.0,44.1818181818,0.04725328147786096,199.0,93.6,22358.2727273
12.3,9.7,12086980300,0.0,1.0,409,11.0,-92.8,0.0,3.2,0.29090909090909095,11.0,71.8,4427.3
3.4,71.8,12086000216,11202.428333321222,3.08333333333,410,1073.0,-92.7,840.0,93.4545454545,0.08709650088956199,233.0,18.5,47298.8181818
5.4,39.5,12086000213,3825.44727272,2.0,411,1505.0,-92.69999999999999,988.0,77.7272727273,0.05164602839023256,517.0,48.8,39035.9090909
2.5,9.0,12086009706,381398.00000007247,4.66666666667,412,1586.0,-90.7,1295.0,233.454545455,0.1471970652301387,291.0,80.2,215925.181818
3.4,51.1,12086009808,14104.463478270001,3.0,413,2489.0,-92.7,1248.0,613.909090909,0.24664889148613903,1241.0,39.2,368310.454545
2.4,46.4,12086009804,18676.70769231,3.0,414,985.0,-92.1,905.0,45.0909090909,0.04577757268111675,80.0,44.3,28385.8181818
1.7,7.6,12086009704,2371822.998743959,14.9032258065,415,1783.0,-93.89999999999999,1472.0,837.545454545,0.46973945852215365,311.0,85.6,608394.181818
1.5,15.2,12086009705,692827.5287584171,4.90909090909,416,2264.0,-91.0,1621.0,94.2727272727,0.04163989720525618,643.0,75.3,86665.6363636
3.0,52.9,12086009803,723.6543999999999,2.8,417,1553.0,-91.3,1284.0,116.727272727,0.07516244219381842,269.0,36.4,185912.454545
2.7,1.3,12086016100,617709.34328125,15.8125,418,1387.0,-96.2,1217.0,824.363636364,0.5943501343648161,170.0,93.2,316095.909091
0.3,1.2,12086015800,124333.20295933934,7.64285714286,419,1595.0,-95.7,1226.0,938.636363636,0.5884867483611286,369.0,95.2,350403.454545
1.8,1.7,12086015900,235366.78966942776,9.36363636364,420,1102.0,-95.6,905.0,648.727272727,0.5886817356869328,197.0,93.1,245762.363636
0.6,2.9,12086016900,3840.12,4.0,421,1583.0,-93.9,1093.0,129.363636364,0.08172055360960202,490.0,91.4,81052.9090909
1.6,2.3,12086016300,242693.46310000002,12.65,422,1328.0,-94.5,1188.0,565.090909091,0.4255202628697289,140.0,91.6,239562.0
2.3,2.3,12086016400,47333.9491,4.7,423,1673.0,-95.1,1436.0,849.454545455,0.5077433027226539,237.0,91.5,357716.454545
1.5,2.3,12086016800,213768.74922856223,9.72222222222,424,1280.0,-94.8,1027.0,474.454545455,0.37066761363671874,253.0,92.0,231436.363636
0.3,49.7,12086011300,1715466.9412943877,14.3684210526,425,2680.0,-86.4,601.0,330.909090909,0.12347354138395522,2079.0,37.4,201512.363636
2.9,19.7,12086011600,114114.71847081216,8.22727272727,426,1917.0,-92.0,1220.0,1105.18181818,0.5765163370787689,697.0,70.4,583625.363636
1.0,2.0,12086012500,651491.5918012656,10.1052631579,427,1736.0,-96.0,1520.0,324.090909091,0.18668831168836406,216.0,94.0,178980.909091
0.1,89.5,12086000402,9025.61185186906,1.77777777778,428,1113.0,-96.8,829.0,30.5454545455,0.027444253859389037,284.0,8.2,10783.2727273
1.0,66.7,12086000306,96182.85432079271,4.44444444444,429,1810.0,-91.2,632.0,203.0,0.11215469613259668,1178.0,24.5,226728.363636
1.1,77.5,12086000305,1977479.8486943224,12.1515151515,430,2331.0,-93.69999999999999,898.0,639.818181818,0.2744822744821965,1433.0,16.1,691543.363636
3.6,61.2,12086000302,388261.960625,11.0,431,656.0,-93.80000000000001,553.0,364.909090909,0.5562638580929877,103.0,30.0,259155.272727
0.2,3.2,12086000808,1333057.3030556422,11.4166666667,432,1364.0,-95.0,392.0,264.0,0.1935483870967742,972.0,92.6,188371.363636
0.0,3.8,12086000712,83957.975,5.0,433,770.0,-93.8,226.0,162.545454545,0.21109799291558443,544.0,91.0,105483.090909
0.1,3.6,12086000710,631296.4049999999,9.25,434,2068.0,-93.5,231.0,107.363636364,0.05191665201353965,1837.0,90.8,91770.6363636
0.0,2.2,12086000709,2079680.974609375,16.5625,435,2022.0,-96.0,908.0,456.0,0.22551928783382788,1114.0,94.8,302493.090909
0.2,2.1,12086009315,34793.889375,4.25,436,1201.0,-95.3,551.0,27.0,0.022481265611990008,650.0,94.0,49498.1818182
0.5,6.2,12086001605,56264.73827175498,2.88888888889,437,1675.0,-93.60000000000001,103.0,103.090909091,0.06154681139761194,1572.0,87.9,107268.363636
1.4,2.3,12086009030,1460030.025,5.0,438,1893.0,-95.10000000000001,1046.0,144.909090909,0.07654996878446911,847.0,92.4,175237.636364
5.4,2.5,12086009035,14402688.38085,23.1,439,2014.0,-93.5,878.0,612.545454545,0.30414372122393246,1136.0,86.6,506842.636364
2.2,2.7,12086009023,0.0,1.0,440,2033.0,-93.30000000000001,848.0,111.727272727,0.05495684836546975,1185.0,89.4,59815.9090909
3.4,3.0,12086009039,0.0,4.4,441,1574.0,-93.7,758.0,341.181818182,0.21676100265692502,816.0,88.3,144743.181818
0.2,1.2,12086008806,14936.37140625,2.625,442,1240.0,-96.10000000000001,825.0,39.7272727273,0.03203812316717742,415.0,95.7,16665.1818182
0.0,28.6,12086980500,1124342.3582812499,6.375,443,6.0,-99.0,0.0,90.5454545455,15.090909090916666,6.0,71.4,269234.272727
3.1,4.1,12086006702,696374.7779296875,5.9375,444,5119.0,-92.10000000000001,1138.0,169.727272727,0.03315633380093769,3981.0,85.9,898368.909091
0.1,21.8,12086002900,20662.576446297524,2.27272727273,445,1764.0,-86.60000000000001,349.0,91.7272727273,0.05199958771388889,1415.0,65.7,147688.909091
0.0,87.9,12086003400,10150.233888897283,2.16666666667,446,941.0,-94.2,67.0,17.0909090909,0.018162496377151966,874.0,7.3,12525.4545455
0.3,2.1,12086005903,415774.0014809606,5.44444444444,447,1641.0,-96.2,749.0,159.909090909,0.09744612486837295,892.0,94.8,74471.0
1.7,26.2,12086003004,148021.36875,2.25,448,1639.0,-90.9,115.0,95.5454545455,0.05829496921629042,1524.0,64.0,293177.272727
0.1,83.1,12086003100,0.0,1.0,449,1519.0,-92.99999999999999,295.0,37.6363636364,0.024777066251744567,1224.0,10.8,17025.2727273
5.3,29.5,12086008904,0.0,2.0,450,127.0,-87.6,3.0,5.72727272727,0.04509663564779527,124.0,53.8,5428.45454545
0.6,1.1,12086015500,468882.99124643416,13.4705882353,451,1881.0,-96.60000000000001,1648.0,1471.18181818,0.7821274950451887,233.0,95.9,613857.0
0.0,80.4,12086001803,311.2564,1.4,452,1349.0,-94.10000000000001,228.0,68.8181818182,0.05101421928702743,1121.0,14.7,75892.6363636
0.1,3.0,12086001602,586536.048927907,11.4117647059,453,1836.0,-94.5,1078.0,630.818181818,0.3435828877004357,758.0,92.4,429460.363636
2.0,69.8,12086000301,652248.2367811811,10.1904761905,454,2192.0,-92.1,1415.0,370.0,0.1687956204379562,777.0,21.3,341223.636364
1.4,73.8,12086000209,508903.3892595516,5.88888888889,455,2093.0,-93.5,691.0,194.272727273,0.09282022325513616,1402.0,19.3,183806.909091
2.2,69.6,12086000206,39474.45288891028,2.33333333333,456,1579.0,-90.5,943.0,111.090909091,0.07035523058328055,636.0,19.7,78517.3636364
2.8,67.5,12086000204,0.0,1.0,457,1225.0,-91.4,919.0,24.7272727273,0.02018552875697959,306.0,22.1,19155.5454545
5.1,22.0,12086000202,7331.931428557681,2.28571428571,458,2204.0,-88.2,1503.0,87.4545454545,0.03967992080512704,701.0,62.1,55585.5454545
1.7,4.9,12086000113,469362.77448996715,6.42857142857,459,3510.0,-94.89999999999999,1743.0,157.090909091,0.04475524475527065,1767.0,89.3,691132.0
2.5,28.2,12086000109,175591.98,4.5,460,1871.0,-86.8,365.0,203.363636364,0.10869248335863174,1506.0,57.1,324851.0
1.3,1.9,12086008906,25669.289066652003,4.4,461,1868.0,-96.8,1178.0,275.545454545,0.14750827331102784,690.0,94.6,119977.090909
4.1,2.7,12086008907,130627.052083125,6.25,462,1647.0,-95.6,875.0,302.272727273,0.1835292818901032,772.0,89.8,148614.363636
0.2,2.3,12086009020,65597.79111129296,3.66666666667,463,1079.0,-93.0,202.0,105.363636364,0.09764933861353105,877.0,91.5,66478.0
0.7,1.6,12086009029,0.0,1.5,464,1276.0,-95.2,879.0,154.454545455,0.12104588201802507,397.0,93.9,59088.7272727
0.5,2.2,12086009026,4370.924999999999,1.5,465,1135.0,-94.3,496.0,28.1818181818,0.024829795754889868,639.0,92.6,43681.9090909
2.3,2.6,12086009027,2786.01,1.0,466,1612.0,-93.80000000000001,731.0,67.2727272727,0.041732461087282874,881.0,89.9,35345.2727273
1.6,2.5,12086009031,913044.4905542037,5.66666666667,467,1400.0,-93.3,562.0,164.545454545,0.11753246753214287,838.0,90.2,106879.727273
0.7,1.3,12086009028,123.37,1.0,468,1480.0,-93.7,935.0,230.0,0.1554054054054054,545.0,92.7,127510.181818
0.6,1.0,12086014200,434370.9490739586,13.8888888889,469,1414.0,-95.8,1280.0,428.909090909,0.30333033303323903,134.0,95.2,165696.090909
2.3,10.3,12086015100,19986.12666668,4.0,470,2740.0,-95.5,2279.0,2142.90909091,0.7820836098211679,461.0,83.9,924641.272727
3.2,3.2,12086009038,4428.968163262598,1.57142857143,471,2605.0,-92.80000000000001,1200.0,333.454545455,0.12800558366794626,1405.0,87.4,140196.818182
4.9,1.9,12086009034,64257.88402342478,6.15384615385,472,2507.0,-94.5,1621.0,791.545454545,0.3157341262644595,886.0,88.7,439519.545455
0.5,2.7,12086009314,26933.81609375,2.5625,473,1452.0,-94.2,641.0,197.909090909,0.13630102679683195,811.0,92.0,144424.818182
1.6,0.8,12086007501,3544.016326525027,1.42857142857,474,977.0,-97.2,855.0,122.181818182,0.12505815576458545,122.0,95.8,59793.8181818
2.1,1.4,12086007400,18049.1844,3.9,475,2652.0,-96.5,1904.0,315.090909091,0.11881255998906486,748.0,94.0,178256.454545
0.8,2.9,12086007300,15062400.51975738,17.9047619048,476,1649.0,-96.4,1384.0,513.454545455,0.31137328408429354,265.0,93.7,956705.363636
0.1,78.7,12086007200,646.575,1.5,477,970.0,-96.4,341.0,29.2727272727,0.03017806935329897,629.0,18.6,19258.6363636
1.3,2.5,12086007002,240616.732040833,4.71428571429,478,2511.0,-92.89999999999999,796.0,46.5454545455,0.018536620687176424,1715.0,90.1,38033.4545455
1.1,2.5,12086006601,3913.2247,1.1,479,2878.0,-91.3,1029.0,103.181818182,0.035851917366921476,1849.0,88.7,66172.5454545
1.6,3.2,12086006403,993.2722222236533,1.66666666667,480,1349.0,-90.6,559.0,8.36363636364,0.006199878698028169,790.0,86.8,3553.54545455
0.7,0.4,12086004602,54781700.871519916,46.724137931,481,1167.0,-95.89999999999999,922.0,1153.72727273,0.9886266261610969,245.0,95.8,2450255.72727
2.4,2.8,12086004500,873831.7068893844,8.21428571429,482,2513.0,-94.5,1295.0,453.545454545,0.18047968744329487,1218.0,90.3,1575621.54545
1.7,1.7,12086004102,862393.2370559999,9.36,483,1663.0,-96.0,1207.0,589.636363636,0.3545618542609742,456.0,93.6,1454543.18182
4.4,23.8,12086000211,110181.19027754951,2.58333333333,484,1078.0,-89.0,604.0,84.9090909091,0.07876539045371057,474.0,61.8,78877.4545455
2.2,6.0,12086000132,12412.307755091972,3.42857142857,485,3347.0,-94.0,2231.0,106.818181818,0.0319146046662683,1116.0,86.8,414910.272727
3.3,4.7,12086000131,255683.44537190866,4.27272727273,486,1075.0,-93.1,538.0,218.0,0.2027906976744186,537.0,86.1,514768.909091
3.2,5.2,12086000134,4924320.975310602,11.8888888889,487,1280.0,-93.7,848.0,184.454545455,0.14410511363671874,432.0,86.3,338117.090909
1.8,3.9,12086000119,70547.1822222628,3.33333333333,488,2236.0,-95.0,1271.0,178.636363636,0.07989103919320215,965.0,90.3,294497.363636
1.2,2.3,12086000121,113053.6888,2.6,489,787.0,-96.1,563.0,84.8181818182,0.10777405567750953,224.0,93.6,294353.272727
2.0,6.9,12086009312,5467.184375000001,1.25,490,2457.0,-93.5,617.0,318.181818182,0.12950012950020348,1840.0,85.6,253942.454545
1.3,4.0,12086009313,13386.31083901452,3.61904761905,491,2052.0,-95.3,1436.0,960.090909091,0.4678805599858674,616.0,91.0,448387.727273
2.2,76.4,12086000217,8734920.645592567,30.2380952381,492,1650.0,-92.2,827.0,669.818181818,0.40595041322303027,823.0,14.6,572087.545455
2.0,13.1,12086011900,27216.61385,4.45,493,1830.0,-94.0,1455.0,1164.81818182,0.6365126676612022,375.0,79.9,700550.090909
3.0,20.8,12086011800,135415.75313017963,8.84210526316,494,1047.0,-90.8,920.0,926.727272727,0.885126334982808,127.0,68.0,491532.181818
1.8,13.1,12086012000,1372.0444444365698,1.33333333333,495,3173.0,-91.4,716.0,109.818181818,0.034610205426410336,2457.0,77.5,144783.818182
1.9,10.0,12086012100,83673.558,3.0,496,5285.0,-91.5,2768.0,498.272727273,0.09428055388325449,2517.0,80.6,330674.636364
0.5,1.4,12086012200,154931.89455772936,7.85714285714,497,1572.0,-96.10000000000001,1414.0,1243.72727273,0.791175109879135,158.0,95.2,601606.272727
3.0,10.4,12086012300,30269.222222215136,6.66666666667,498,1854.0,-92.80000000000001,1649.0,1674.27272727,0.9030597234466019,205.0,80.4,817890.909091
2.4,7.1,12086012400,138027.35626286935,7.29411764706,499,2672.0,-93.2,2260.0,1886.09090909,0.7058723462163173,412.0,84.7,924361.272727
0.7,1.9,12086012600,118666.75082668538,7.72727272727,500,1886.0,-94.6,1422.0,152.181818182,0.08069025354294804,464.0,93.0,87420.0909091
1.1,2.1,12086000708,64594.04342582572,4.17647058824,501,2064.0,-95.9,1142.0,346.545454545,0.16789992952761626,922.0,93.7,183784.727273
2.3,1.8,12086006203,3850.854814803706,1.33333333333,502,1059.0,-94.19999999999999,372.0,43.5454545455,0.041119409391406986,687.0,91.1,59764.2727273
1.3,1.3,12086009006,1492988.887583326,12.4814814815,503,3464.0,-95.3,2332.0,1168.45454545,0.3373136678550809,1132.0,93.7,513342.0
1.0,3.5,12086000115,1107425.404169,7.0,504,1342.0,-96.0,675.0,379.090909091,0.28248204850298064,667.0,92.5,681092.454545
0.0,0.0,12086009040,222799.96687499998,3.375,505,79.0,-96.5,57.0,272.818181818,3.4533947065569626,22.0,97.5,223288.090909
1.9,8.6,12086003912,408706.55092608364,8.52173913043,506,1636.0,-91.2,592.0,577.181818182,0.3528006223606357,1044.0,81.7,1116117.09091
1.6,18.6,12086011008,174644.87755117196,8.57142857143,507,1050.0,-91.8,631.0,758.090909091,0.7219913419914286,419.0,72.6,337939.272727
2.8,6.7,12086018200,159385.60673642997,7.41666666667,508,751.0,-93.4,552.0,306.0,0.40745672436750996,199.0,84.9,125111.727273
0.1,52.6,12086000903,5535.083209895814,1.55555555556,509,830.0,-86.9,527.0,143.454545455,0.17283680175301203,303.0,35.2,121251.181818
1.0,14.2,12086011700,42442.335069398294,4.58333333333,510,2401.0,-89.3,840.0,543.363636364,0.22630722047646812,1561.0,75.1,370063.454545
0.0,0.0,12086980900,0.0,0.0,511,0.0,1.0,0.0,0.0,0.0,0.0,0.0,0.0
3.2,3.0,12086009046,0.0,0.0,512,200.0,-96.5,106.0,0.0,0.0,94.0,91.3,0.0
1.6,2.8,12086009047,0.0,0.0,513,861.0,-92.0,325.0,0.0,0.0,536.0,88.6,0.0
2.7,1.5,12086009044,0.0,0.0,514,330.0,-94.10000000000001,169.0,0.0,0.0,161.0,90.9,0.0
0.0,0.0,12086980800,0.0,0.0,515,1.0,-99.0,0.0,0.0,0.0,1.0,100.0,0.0
0.0,0.0,12086990000,0.0,0.0,516,0.0,1.0,0.0,0.0,0.0,0.0,0.0,0.0
0.0,0.0,12086980100,0.0,0.0,517,3.0,-99.0,0.0,0.0,0.0,3.0,100.0,0.0
2.1,4.8,12086009024,0.0,0.0,518,1659.0,-91.10000000000001,322.0,0.0,0.0,1337.0,85.2,0.0
